case,it_capacity_mw,it_capacity_gw,utilization,pue,wue_l_per_kwh,electricity_tariff_rp_per_kwh,water_tariff_rp_per_m3,it_electricity_mwh,it_electricity_gwh,it_electricity_twh,it_electricity_kwh,facility_electricity_mwh,facility_electricity_gwh,facility_electricity_twh,facility_electricity_kwh,monthly_electricity_gwh,electricity_cost_rp,monthly_electricity_cost_rp,electricity_cost_rp_per_mw_it,average_facility_load_mw,full_it_load_facility_mw,water_liters_per_year,water_million_liters_per_year,water_m3_per_year,water_m3_per_day,water_cost_rp,monthly_water_cost_rp,actual_water_withdrawal_m3,actual_water_consumption_m3,water_metric,total_resource_cost_rp,electricity_cost_share_pct,water_cost_share_pct,source_id,data_class,assumptions_source_ids,notes
base,1000,1,0.8,1.1,0,996.74,21500,7008000,7008,7.008,7008000000,7708800,7708.8,7.7088,7708800000,642.4,7.683669312e+12,640305776000,7683669312,880,1100,0,0,0,0,0,0,NaN,NaN,Scenario direct on-site consumption; no observed withdrawals,7.683669312e+12,100,0,MODEL001,S,ELEC001;ELEC002;WB001;WB008;WB009;WB011;WB016;WB017,Annual steady-state run rate. Energy charges only; water tariff is an explicit local proxy.
base,1000,1,0.8,1.1,0.2,996.74,21500,7008000,7008,7.008,7008000000,7708800,7708.8,7.7088,7708800000,642.4,7.683669312e+12,640305776000,7683669312,880,1100,1401600000,1401.6,1401600,3840,30134400000,2511200000,NaN,NaN,Scenario direct on-site consumption; no observed withdrawals,7.713803712e+12,99.60934448,0.390655519962,MODEL001,S,ELEC001;ELEC002;WB001;WB008;WB009;WB011;WB016;WB017,Annual steady-state run rate. Energy charges only; water tariff is an explicit local proxy.
base,1000,1,0.8,1.1,0.5,996.74,21500,7008000,7008,7.008,7008000000,7708800,7708.8,7.7088,7708800000,642.4,7.683669312e+12,640305776000,7683669312,880,1100,3504000000,3504,3504000,9600,75336000000,6278000000,NaN,NaN,Scenario direct on-site consumption; no observed withdrawals,7.759005312e+12,99.0290508001,0.970949199938,MODEL001,S,ELEC001;ELEC002;WB001;WB008;WB009;WB011;WB016;WB017,Annual steady-state run rate. Energy charges only; water tariff is an explicit local proxy.
base,1000,1,0.8,1.1,1,996.74,21500,7008000,7008,7.008,7008000000,7708800,7708.8,7.7088,7708800000,642.4,7.683669312e+12,640305776000,7683669312,880,1100,7008000000,7008,7008000,19200,150672000000,12556000000,NaN,NaN,Scenario direct on-site consumption; no observed withdrawals,7.834341312e+12,98.0767751365,1.92322486345,MODEL001,S,ELEC001;ELEC002;WB001;WB008;WB009;WB011;WB016;WB017,Annual steady-state run rate. Energy charges only; water tariff is an explicit local proxy.
base,1000,1,0.8,1.1,1.5,996.74,21500,7008000,7008,7.008,7008000000,7708800,7708.8,7.7088,7708800000,642.4,7.683669312e+12,640305776000,7683669312,880,1100,10512000000,10512,10512000,28800,226008000000,18834000000,NaN,NaN,Scenario direct on-site consumption; no observed withdrawals,7.909677312e+12,97.1426394392,2.8573605608,MODEL001,S,ELEC001;ELEC002;WB001;WB008;WB009;WB011;WB016;WB017,Annual steady-state run rate. Energy charges only; water tariff is an explicit local proxy.
base,1000,1,0.8,1.2,0,996.74,21500,7008000,7008,7.008,7008000000,8409600,8409.6,8.4096,8409600000,700.8,8.382184704e+12,698515392000,8382184704,960,1200,0,0,0,0,0,0,NaN,NaN,Scenario direct on-site consumption; no observed withdrawals,8.382184704e+12,100,0,MODEL001,S,ELEC001;ELEC002;WB001;WB008;WB009;WB011;WB016;WB017,Annual steady-state run rate. Energy charges only; water tariff is an explicit local proxy.
base,1000,1,0.8,1.2,0.2,996.74,21500,7008000,7008,7.008,7008000000,8409600,8409.6,8.4096,8409600000,700.8,8.382184704e+12,698515392000,8382184704,960,1200,1401600000,1401.6,1401600,3840,30134400000,2511200000,NaN,NaN,Scenario direct on-site consumption; no observed withdrawals,8.412319104e+12,99.6417824903,0.358217509672,MODEL001,S,ELEC001;ELEC002;WB001;WB008;WB009;WB011;WB016;WB017,Annual steady-state run rate. Energy charges only; water tariff is an explicit local proxy.
base,1000,1,0.8,1.2,0.5,996.74,21500,7008000,7008,7.008,7008000000,8409600,8409.6,8.4096,8409600000,700.8,8.382184704e+12,698515392000,8382184704,960,1200,3504000000,3504,3504000,9600,75336000000,6278000000,NaN,NaN,Scenario direct on-site consumption; no observed withdrawals,8.457520704e+12,99.1092424998,0.890757500178,MODEL001,S,ELEC001;ELEC002;WB001;WB008;WB009;WB011;WB016;WB017,Annual steady-state run rate. Energy charges only; water tariff is an explicit local proxy.
base,1000,1,0.8,1.2,1,996.74,21500,7008000,7008,7.008,7008000000,8409600,8409.6,8.4096,8409600000,700.8,8.382184704e+12,698515392000,8382184704,960,1200,7008000000,7008,7008000,19200,150672000000,12556000000,NaN,NaN,Scenario direct on-site consumption; no observed withdrawals,8.532856704e+12,98.234213872,1.76578612798,MODEL001,S,ELEC001;ELEC002;WB001;WB008;WB009;WB011;WB016;WB017,Annual steady-state run rate. Energy charges only; water tariff is an explicit local proxy.
base,1000,1,0.8,1.2,1.5,996.74,21500,7008000,7008,7.008,7008000000,8409600,8409.6,8.4096,8409600000,700.8,8.382184704e+12,698515392000,8382184704,960,1200,10512000000,10512,10512000,28800,226008000000,18834000000,NaN,NaN,Scenario direct on-site consumption; no observed withdrawals,8.608192704e+12,97.3745011552,2.62549884478,MODEL001,S,ELEC001;ELEC002;WB001;WB008;WB009;WB011;WB016;WB017,Annual steady-state run rate. Energy charges only; water tariff is an explicit local proxy.
base,1000,1,0.8,1.3,0,996.74,21500,7008000,7008,7.008,7008000000,9110400,9110.4,9.1104,9110400000,759.2,9.080700096e+12,756725008000,9080700096,1040,1300,0,0,0,0,0,0,NaN,NaN,Scenario direct on-site consumption; no observed withdrawals,9.080700096e+12,100,0,MODEL001,S,ELEC001;ELEC002;WB001;WB008;WB009;WB011;WB016;WB017,Annual steady-state run rate. Energy charges only; water tariff is an explicit local proxy.
base,1000,1,0.8,1.3,0.2,996.74,21500,7008000,7008,7.008,7008000000,9110400,9110.4,9.1104,9110400000,759.2,9.080700096e+12,756725008000,9080700096,1040,1300,1401600000,1401.6,1401600,3840,30134400000,2511200000,NaN,NaN,Scenario direct on-site consumption; no observed withdrawals,9.110834496e+12,99.6692465436,0.330753456374,MODEL001,S,ELEC001;ELEC002;WB001;WB008;WB009;WB011;WB016;WB017,Annual steady-state run rate. Energy charges only; water tariff is an explicit local proxy.
base,1000,1,0.8,1.3,0.5,996.74,21500,7008000,7008,7.008,7008000000,9110400,9110.4,9.1104,9110400000,759.2,9.080700096e+12,756725008000,9080700096,1040,1300,3504000000,3504,3504000,9600,75336000000,6278000000,NaN,NaN,Scenario direct on-site consumption; no observed withdrawals,9.156036096e+12,99.1771985255,0.82280147446,MODEL001,S,ELEC001;ELEC002;WB001;WB008;WB009;WB011;WB016;WB017,Annual steady-state run rate. Energy charges only; water tariff is an explicit local proxy.
base,1000,1,0.8,1.3,1,996.74,21500,7008000,7008,7.008,7008000000,9110400,9110.4,9.1104,9110400000,759.2,9.080700096e+12,756725008000,9080700096,1040,1300,7008000000,7008,7008000,19200,150672000000,12556000000,NaN,NaN,Scenario direct on-site consumption; no observed withdrawals,9.231372096e+12,98.3678265979,1.6321734021,MODEL001,S,ELEC001;ELEC002;WB001;WB008;WB009;WB011;WB016;WB017,Annual steady-state run rate. Energy charges only; water tariff is an explicit local proxy.
base,1000,1,0.8,1.3,1.5,996.74,21500,7008000,7008,7.008,7008000000,9110400,9110.4,9.1104,9110400000,759.2,9.080700096e+12,756725008000,9080700096,1040,1300,10512000000,10512,10512000,28800,226008000000,18834000000,NaN,NaN,Scenario direct on-site consumption; no observed withdrawals,9.306708096e+12,97.5715580883,2.42844191167,MODEL001,S,ELEC001;ELEC002;WB001;WB008;WB009;WB011;WB016;WB017,Annual steady-state run rate. Energy charges only; water tariff is an explicit local proxy.
base,1000,1,0.8,1.4,0,996.74,21500,7008000,7008,7.008,7008000000,9811200,9811.2,9.8112,9811200000,817.6,9.779215488e+12,814934624000,9779215488,1120,1400,0,0,0,0,0,0,NaN,NaN,Scenario direct on-site consumption; no observed withdrawals,9.779215488e+12,100,0,MODEL001,S,ELEC001;ELEC002;WB001;WB008;WB009;WB011;WB016;WB017,Annual steady-state run rate. Energy charges only; water tariff is an explicit local proxy.
base,1000,1,0.8,1.4,0.2,996.74,21500,7008000,7008,7.008,7008000000,9811200,9811.2,9.8112,9811200000,817.6,9.779215488e+12,814934624000,9779215488,1120,1400,1401600000,1401.6,1401600,3840,30134400000,2511200000,NaN,NaN,Scenario direct on-site consumption; no observed withdrawals,9.809349888e+12,99.6927992136,0.307200786434,MODEL001,S,ELEC001;ELEC002;WB001;WB008;WB009;WB011;WB016;WB017,Annual steady-state run rate. Energy charges only; water tariff is an explicit local proxy.
base,1000,1,0.8,1.4,0.5,996.74,21500,7008000,7008,7.008,7008000000,9811200,9811.2,9.8112,9811200000,817.6,9.779215488e+12,814934624000,9779215488,1120,1400,3504000000,3504,3504000,9600,75336000000,6278000000,NaN,NaN,Scenario direct on-site consumption; no observed withdrawals,9.854551488e+12,99.2355207633,0.764479236744,MODEL001,S,ELEC001;ELEC002;WB001;WB008;WB009;WB011;WB016;WB017,Annual steady-state run rate. Energy charges only; water tariff is an explicit local proxy.
base,1000,1,0.8,1.4,1,996.74,21500,7008000,7008,7.008,7008000000,9811200,9811.2,9.8112,9811200000,817.6,9.779215488e+12,814934624000,9779215488,1120,1400,7008000000,7008,7008000,19200,150672000000,12556000000,NaN,NaN,Scenario direct on-site consumption; no observed withdrawals,9.929887488e+12,98.4826414178,1.51735858218,MODEL001,S,ELEC001;ELEC002;WB001;WB008;WB009;WB011;WB016;WB017,Annual steady-state run rate. Energy charges only; water tariff is an explicit local proxy.
base,1000,1,0.8,1.4,1.5,996.74,21500,7008000,7008,7.008,7008000000,9811200,9811.2,9.8112,9811200000,817.6,9.779215488e+12,814934624000,9779215488,1120,1400,10512000000,10512,10512000,28800,226008000000,18834000000,NaN,NaN,Scenario direct on-site consumption; no observed withdrawals,1.0005223488e+13,97.7410999337,2.25890006626,MODEL001,S,ELEC001;ELEC002;WB001;WB008;WB009;WB011;WB016;WB017,Annual steady-state run rate. Energy charges only; water tariff is an explicit local proxy.
base,1000,1,0.8,1.5,0,996.74,21500,7008000,7008,7.008,7008000000,10512000,10512,10.512,10512000000,876,1.047773088e+13,873144240000,10477730880,1200,1500,0,0,0,0,0,0,NaN,NaN,Scenario direct on-site consumption; no observed withdrawals,1.047773088e+13,100,0,MODEL001,S,ELEC001;ELEC002;WB001;WB008;WB009;WB011;WB016;WB017,Annual steady-state run rate. Energy charges only; water tariff is an explicit local proxy.
base,1000,1,0.8,1.5,0.2,996.74,21500,7008000,7008,7.008,7008000000,10512000,10512,10.512,10512000000,876,1.047773088e+13,873144240000,10477730880,1200,1500,1401600000,1401.6,1401600,3840,30134400000,2511200000,NaN,NaN,Scenario direct on-site consumption; no observed withdrawals,1.050786528e+13,99.7132205334,0.28677946659,MODEL001,S,ELEC001;ELEC002;WB001;WB008;WB009;WB011;WB016;WB017,Annual steady-state run rate. Energy charges only; water tariff is an explicit local proxy.
base,1000,1,0.8,1.5,0.5,996.74,21500,7008000,7008,7.008,7008000000,10512000,10512,10.512,10512000000,876,1.047773088e+13,873144240000,10477730880,1200,1500,3504000000,3504,3504000,9600,75336000000,6278000000,NaN,NaN,Scenario direct on-site consumption; no observed withdrawals,1.055306688e+13,99.2861222159,0.713877784123,MODEL001,S,ELEC001;ELEC002;WB001;WB008;WB009;WB011;WB016;WB017,Annual steady-state run rate. Energy charges only; water tariff is an explicit local proxy.
base,1000,1,0.8,1.5,1,996.74,21500,7008000,7008,7.008,7008000000,10512000,10512,10.512,10512000000,876,1.047773088e+13,873144240000,10477730880,1200,1500,7008000000,7008,7008000,19200,150672000000,12556000000,NaN,NaN,Scenario direct on-site consumption; no observed withdrawals,1.062840288e+13,98.5823646158,1.41763538418,MODEL001,S,ELEC001;ELEC002;WB001;WB008;WB009;WB011;WB016;WB017,Annual steady-state run rate. Energy charges only; water tariff is an explicit local proxy.
base,1000,1,0.8,1.5,1.5,996.74,21500,7008000,7008,7.008,7008000000,10512000,10512,10.512,10512000000,876,1.047773088e+13,873144240000,10477730880,1200,1500,10512000000,10512,10512000,28800,226008000000,18834000000,NaN,NaN,Scenario direct on-site consumption; no observed withdrawals,1.070373888e+13,97.8885135135,2.11148648649,MODEL001,S,ELEC001;ELEC002;WB001;WB008;WB009;WB011;WB016;WB017,Annual steady-state run rate. Energy charges only; water tariff is an explicit local proxy.
