case,it_capacity_mw,it_capacity_gw,utilization,pue,wue_l_per_kwh,electricity_tariff_rp_per_kwh,water_tariff_rp_per_m3,it_electricity_mwh,it_electricity_gwh,it_electricity_twh,it_electricity_kwh,facility_electricity_mwh,facility_electricity_gwh,facility_electricity_twh,facility_electricity_kwh,monthly_electricity_gwh,electricity_cost_rp,monthly_electricity_cost_rp,electricity_cost_rp_per_mw_it,average_facility_load_mw,full_it_load_facility_mw,water_liters_per_year,water_million_liters_per_year,water_m3_per_year,water_m3_per_day,water_cost_rp,monthly_water_cost_rp,actual_water_withdrawal_m3,actual_water_consumption_m3,water_metric,total_resource_cost_rp,electricity_cost_share_pct,water_cost_share_pct,source_id,data_class,assumptions_source_ids,notes,national_denominator_year,national_consumption_twh,pln_sales_twh,national_denominator_source_id,denominator_data_class,share_national_consumption_pct,share_pln_sales_pct,equivalent_continuous_generation_gw,generation_capacity_gw_at_assumed_capacity_factor
low,10,0.01,0.6,1.2,0,996.74,21500,52560,52.56,0.05256,52560000,63072,63.072,0.063072,63072000,5.256,62866385280,5238865440,6286638528,7.2,12,0,0,0,0,0,0,NaN,NaN,Scenario direct on-site consumption; no observed withdrawals,62866385280,100,0,MODEL001,S,ELEC001;ELEC002;WB001;WB008;WB009;WB011;WB016;WB017,Annual steady-state run rate. Energy charges only; water tariff is an explicit local proxy.,2025,455.001,317.692,ELEC001,A,0.0138619475562,0.0198531911411,0.0072,0.009
base,10,0.01,0.8,1.3,0.5,996.74,21500,70080,70.08,0.07008,70080000,91104,91.104,0.091104,91104000,7.592,90807000960,7567250080,9080700096,10.4,13,35040000,35.04,35040,96,753360000,62780000,NaN,NaN,Scenario direct on-site consumption; no observed withdrawals,91560360960,99.1771985255,0.82280147446,MODEL001,S,ELEC001;ELEC002;WB001;WB008;WB009;WB011;WB016;WB017,Annual steady-state run rate. Energy charges only; water tariff is an explicit local proxy.,2025,455.001,317.692,ELEC001,A,0.0200228131367,0.0286768316483,0.0104,0.013
high,10,0.01,0.95,1.5,1.5,996.74,21500,83220,83.22,0.08322,83220000,124830,124.83,0.12483,124830000,10.4025,124423054200,10368587850,12442305420,14.25,15,124830000,124.83,124830,342,2683845000,223653750,NaN,NaN,Scenario direct on-site consumption; no observed withdrawals,127106899200,97.8885135135,2.11148648649,MODEL001,S,ELEC001;ELEC002;WB001;WB008;WB009;WB011;WB016;WB017,Annual steady-state run rate. Energy charges only; water tariff is an explicit local proxy.,2025,455.001,317.692,ELEC001,A,0.0274351045382,0.0392927741334,0.01425,0.0178125
low,50,0.05,0.6,1.2,0,996.74,21500,262800,262.8,0.2628,262800000,315360,315.36,0.31536,315360000,26.28,314331926400,26194327200,6286638528,36,60,0,0,0,0,0,0,NaN,NaN,Scenario direct on-site consumption; no observed withdrawals,314331926400,100,0,MODEL001,S,ELEC001;ELEC002;WB001;WB008;WB009;WB011;WB016;WB017,Annual steady-state run rate. Energy charges only; water tariff is an explicit local proxy.,2025,455.001,317.692,ELEC001,A,0.0693097377808,0.0992659557055,0.036,0.045
base,50,0.05,0.8,1.3,0.5,996.74,21500,350400,350.4,0.3504,350400000,455520,455.52,0.45552,455520000,37.96,454035004800,37836250400,9080700096,52,65,175200000,175.2,175200,480,3766800000,313900000,NaN,NaN,Scenario direct on-site consumption; no observed withdrawals,457801804800,99.1771985255,0.82280147446,MODEL001,S,ELEC001;ELEC002;WB001;WB008;WB009;WB011;WB016;WB017,Annual steady-state run rate. Energy charges only; water tariff is an explicit local proxy.,2025,455.001,317.692,ELEC001,A,0.100114065683,0.143384158241,0.052,0.065
high,50,0.05,0.95,1.5,1.5,996.74,21500,416100,416.1,0.4161,416100000,624150,624.15,0.62415,624150000,52.0125,622115271000,51842939250,12442305420,71.25,75,624150000,624.15,624150,1710,13419225000,1118268750,NaN,NaN,Scenario direct on-site consumption; no observed withdrawals,635534496000,97.8885135135,2.11148648649,MODEL001,S,ELEC001;ELEC002;WB001;WB008;WB009;WB011;WB016;WB017,Annual steady-state run rate. Energy charges only; water tariff is an explicit local proxy.,2025,455.001,317.692,ELEC001,A,0.137175522691,0.196463870667,0.07125,0.0890625
low,100,0.1,0.6,1.2,0,996.74,21500,525600,525.6,0.5256,525600000,630720,630.72,0.63072,630720000,52.56,628663852800,52388654400,6286638528,72,120,0,0,0,0,0,0,NaN,NaN,Scenario direct on-site consumption; no observed withdrawals,628663852800,100,0,MODEL001,S,ELEC001;ELEC002;WB001;WB008;WB009;WB011;WB016;WB017,Annual steady-state run rate. Energy charges only; water tariff is an explicit local proxy.,2025,455.001,317.692,ELEC001,A,0.138619475562,0.198531911411,0.072,0.09
base,100,0.1,0.8,1.3,0.5,996.74,21500,700800,700.8,0.7008,700800000,911040,911.04,0.91104,911040000,75.92,908070009600,75672500800,9080700096,104,130,350400000,350.4,350400,960,7533600000,627800000,NaN,NaN,Scenario direct on-site consumption; no observed withdrawals,915603609600,99.1771985255,0.82280147446,MODEL001,S,ELEC001;ELEC002;WB001;WB008;WB009;WB011;WB016;WB017,Annual steady-state run rate. Energy charges only; water tariff is an explicit local proxy.,2025,455.001,317.692,ELEC001,A,0.200228131367,0.286768316483,0.104,0.13
high,100,0.1,0.95,1.5,1.5,996.74,21500,832200,832.2,0.8322,832200000,1248300,1248.3,1.2483,1248300000,104.025,1.244230542e+12,103685878500,12442305420,142.5,150,1248300000,1248.3,1248300,3420,26838450000,2236537500,NaN,NaN,Scenario direct on-site consumption; no observed withdrawals,1.271068992e+12,97.8885135135,2.11148648649,MODEL001,S,ELEC001;ELEC002;WB001;WB008;WB009;WB011;WB016;WB017,Annual steady-state run rate. Energy charges only; water tariff is an explicit local proxy.,2025,455.001,317.692,ELEC001,A,0.274351045382,0.392927741334,0.1425,0.178125
low,500,0.5,0.6,1.2,0,996.74,21500,2628000,2628,2.628,2628000000,3153600,3153.6,3.1536,3153600000,262.8,3.143319264e+12,261943272000,6286638528,360,600,0,0,0,0,0,0,NaN,NaN,Scenario direct on-site consumption; no observed withdrawals,3.143319264e+12,100,0,MODEL001,S,ELEC001;ELEC002;WB001;WB008;WB009;WB011;WB016;WB017,Annual steady-state run rate. Energy charges only; water tariff is an explicit local proxy.,2025,455.001,317.692,ELEC001,A,0.693097377808,0.992659557055,0.36,0.45
base,500,0.5,0.8,1.3,0.5,996.74,21500,3504000,3504,3.504,3504000000,4555200,4555.2,4.5552,4555200000,379.6,4.540350048e+12,378362504000,9080700096,520,650,1752000000,1752,1752000,4800,37668000000,3139000000,NaN,NaN,Scenario direct on-site consumption; no observed withdrawals,4.578018048e+12,99.1771985255,0.82280147446,MODEL001,S,ELEC001;ELEC002;WB001;WB008;WB009;WB011;WB016;WB017,Annual steady-state run rate. Energy charges only; water tariff is an explicit local proxy.,2025,455.001,317.692,ELEC001,A,1.00114065683,1.43384158241,0.52,0.65
high,500,0.5,0.95,1.5,1.5,996.74,21500,4161000,4161,4.161,4161000000,6241500,6241.5,6.2415,6241500000,520.125,6.22115271e+12,518429392500,12442305420,712.5,750,6241500000,6241.5,6241500,17100,134192250000,11182687500,NaN,NaN,Scenario direct on-site consumption; no observed withdrawals,6.35534496e+12,97.8885135135,2.11148648649,MODEL001,S,ELEC001;ELEC002;WB001;WB008;WB009;WB011;WB016;WB017,Annual steady-state run rate. Energy charges only; water tariff is an explicit local proxy.,2025,455.001,317.692,ELEC001,A,1.37175522691,1.96463870667,0.7125,0.890625
low,1000,1,0.6,1.2,0,996.74,21500,5256000,5256,5.256,5256000000,6307200,6307.2,6.3072,6307200000,525.6,6.286638528e+12,523886544000,6286638528,720,1200,0,0,0,0,0,0,NaN,NaN,Scenario direct on-site consumption; no observed withdrawals,6.286638528e+12,100,0,MODEL001,S,ELEC001;ELEC002;WB001;WB008;WB009;WB011;WB016;WB017,Annual steady-state run rate. Energy charges only; water tariff is an explicit local proxy.,2025,455.001,317.692,ELEC001,A,1.38619475562,1.98531911411,0.72,0.9
base,1000,1,0.8,1.3,0.5,996.74,21500,7008000,7008,7.008,7008000000,9110400,9110.4,9.1104,9110400000,759.2,9.080700096e+12,756725008000,9080700096,1040,1300,3504000000,3504,3504000,9600,75336000000,6278000000,NaN,NaN,Scenario direct on-site consumption; no observed withdrawals,9.156036096e+12,99.1771985255,0.82280147446,MODEL001,S,ELEC001;ELEC002;WB001;WB008;WB009;WB011;WB016;WB017,Annual steady-state run rate. Energy charges only; water tariff is an explicit local proxy.,2025,455.001,317.692,ELEC001,A,2.00228131367,2.86768316483,1.04,1.3
high,1000,1,0.95,1.5,1.5,996.74,21500,8322000,8322,8.322,8322000000,12483000,12483,12.483,12483000000,1040.25,1.244230542e+13,1.036858785e+12,12442305420,1425,1500,12483000000,12483,12483000,34200,268384500000,22365375000,NaN,NaN,Scenario direct on-site consumption; no observed withdrawals,1.271068992e+13,97.8885135135,2.11148648649,MODEL001,S,ELEC001;ELEC002;WB001;WB008;WB009;WB011;WB016;WB017,Annual steady-state run rate. Energy charges only; water tariff is an explicit local proxy.,2025,455.001,317.692,ELEC001,A,2.74351045382,3.92927741334,1.425,1.78125
low,2000,2,0.6,1.2,0,996.74,21500,10512000,10512,10.512,10512000000,12614400,12614.4,12.6144,12614400000,1051.2,1.2573277056e+13,1.047773088e+12,6286638528,1440,2400,0,0,0,0,0,0,NaN,NaN,Scenario direct on-site consumption; no observed withdrawals,1.2573277056e+13,100,0,MODEL001,S,ELEC001;ELEC002;WB001;WB008;WB009;WB011;WB016;WB017,Annual steady-state run rate. Energy charges only; water tariff is an explicit local proxy.,2025,455.001,317.692,ELEC001,A,2.77238951123,3.97063822822,1.44,1.8
base,2000,2,0.8,1.3,0.5,996.74,21500,14016000,14016,14.016,14016000000,18220800,18220.8,18.2208,18220800000,1518.4,1.8161400192e+13,1.513450016e+12,9080700096,2080,2600,7008000000,7008,7008000,19200,150672000000,12556000000,NaN,NaN,Scenario direct on-site consumption; no observed withdrawals,1.8312072192e+13,99.1771985255,0.82280147446,MODEL001,S,ELEC001;ELEC002;WB001;WB008;WB009;WB011;WB016;WB017,Annual steady-state run rate. Energy charges only; water tariff is an explicit local proxy.,2025,455.001,317.692,ELEC001,A,4.00456262733,5.73536632965,2.08,2.6
high,2000,2,0.95,1.5,1.5,996.74,21500,16644000,16644,16.644,16644000000,24966000,24966,24.966,24966000000,2080.5,2.488461084e+13,2.07371757e+12,12442305420,2850,3000,24966000000,24966,24966000,68400,536769000000,44730750000,NaN,NaN,Scenario direct on-site consumption; no observed withdrawals,2.542137984e+13,97.8885135135,2.11148648649,MODEL001,S,ELEC001;ELEC002;WB001;WB008;WB009;WB011;WB016;WB017,Annual steady-state run rate. Energy charges only; water tariff is an explicit local proxy.,2025,455.001,317.692,ELEC001,A,5.48702090765,7.85855482669,2.85,3.5625
