case,it_capacity_mw,it_capacity_gw,utilization,pue,wue_l_per_kwh,electricity_tariff_rp_per_kwh,water_tariff_rp_per_m3,it_electricity_mwh,it_electricity_gwh,it_electricity_twh,it_electricity_kwh,facility_electricity_mwh,facility_electricity_gwh,facility_electricity_twh,facility_electricity_kwh,monthly_electricity_gwh,electricity_cost_rp,monthly_electricity_cost_rp,electricity_cost_rp_per_mw_it,average_facility_load_mw,full_it_load_facility_mw,water_liters_per_year,water_million_liters_per_year,water_m3_per_year,water_m3_per_day,water_cost_rp,monthly_water_cost_rp,actual_water_withdrawal_m3,actual_water_consumption_m3,water_metric,total_resource_cost_rp,electricity_cost_share_pct,water_cost_share_pct,source_id,data_class,assumptions_source_ids,notes,outlook_case,year,capacity_anchor_source_id,capacity_anchor_note,capacity_data_class,national_denominator_year,national_consumption_twh,pln_sales_twh,national_denominator_source_id,denominator_data_class,share_national_consumption_pct,share_pln_sales_pct,equivalent_continuous_generation_gw,generation_capacity_gw_at_assumed_capacity_factor,scenario_national_consumption_twh,scenario_share_national_consumption_pct,future_denominator_class,future_denominator_cagr,official_pln_sales_forecast_twh,share_official_pln_sales_forecast_pct,official_pln_forecast_source_id,official_pln_forecast_class
low,640.75,0.64075,0.6,1.2,0,996.74,21500,3367782,3367.782,3.367782,3367782000,4041338.4,4041.3384,4.0413384,4041338400,336.7782,4.02816363682e+12,335680303068,6286638528,461.34,768.9,0,0,0,0,0,0,NaN,NaN,Scenario direct on-site consumption; no observed withdrawals,4.02816363682e+12,100,0,MODEL001,S,ELEC001;ELEC002;WB001;WB008;WB009;WB011;WB016;WB017,Annual steady-state run rate. Energy charges only; water tariff is an explicit local proxy.,Conservative,2030,ELEC004;ELEC006;DC001;DC017;DC036,"Partial nationwide documented capacity: operating331 plus75%,87.5%,100% of413MW construction by2030/31/32; no planned pipeline activated. 25% construction slippage at2030 is an explicit timing stress with linear recovery by2032. Non-Jakarta components are separately sourced and do not overlap metro inventory.",S,2025,455.001,317.692,ELEC001,A,0.888204289661,1.27209322237,0.46134,0.576675,608.893976034,0.663717914624,S,0.06,416.035,0.971393849075,ELEC003,S
low,692.375,0.692375,0.6,1.2,0,996.74,21500,3639123,3639.123,3.639123,3639123000,4366947.6,4366.9476,4.3669476,4366947600,363.9123,4.35271135082e+12,362725945902,6286638528,498.51,830.85,0,0,0,0,0,0,NaN,NaN,Scenario direct on-site consumption; no observed withdrawals,4.35271135082e+12,100,0,MODEL001,S,ELEC001;ELEC002;WB001;WB008;WB009;WB011;WB016;WB017,Annual steady-state run rate. Energy charges only; water tariff is an explicit local proxy.,Conservative,2031,ELEC004;ELEC006;DC001;DC017;DC036,"Partial nationwide documented capacity: operating331 plus75%,87.5%,100% of413MW construction by2030/31/32; no planned pipeline activated. 25% construction slippage at2030 is an explicit timing stress with linear recovery by2032. Non-Jakarta components are separately sourced and do not overlap metro inventory.",S,2025,455.001,317.692,ELEC001,A,0.95976659392,1.37458532163,0.49851,0.6231375,645.427614596,0.676597576745,S,0.06,440.337,0.991728517022,ELEC003,S
low,744,0.744,0.6,1.2,0,996.74,21500,3910464,3910.464,3.910464,3910464000,4692556.8,4692.5568,4.6925568,4692556800,391.0464,4.67725906483e+12,389771588736,6286638528,535.68,892.8,0,0,0,0,0,0,NaN,NaN,Scenario direct on-site consumption; no observed withdrawals,4.67725906483e+12,100,0,MODEL001,S,ELEC001;ELEC002;WB001;WB008;WB009;WB011;WB016;WB017,Annual steady-state run rate. Energy charges only; water tariff is an explicit local proxy.,Conservative,2032,ELEC004;ELEC006;DC001;DC017;DC036,"Partial nationwide documented capacity: operating331 plus75%,87.5%,100% of413MW construction by2030/31/32; no planned pipeline activated. 25% construction slippage at2030 is an explicit timing stress with linear recovery by2032. Non-Jakarta components are separately sourced and do not overlap metro inventory.",S,2025,455.001,317.692,ELEC001,A,1.03132889818,1.4770774209,0.53568,0.6696,684.153271471,0.685892620218,S,0.06,467.876,1.0029488155,ELEC003,S
base,1956,1.956,0.8,1.3,0.5,996.74,21500,13707648,13707.648,13.707648,13707648000,17819942.4,17819.9424,17.8199424,17819942400,1484.9952,1.77618493878e+13,1.48015411565e+12,9080700096,2034.24,2542.8,6853824000,6853.824,6853824,18777.6,147357216000,12279768000,NaN,NaN,Scenario direct on-site consumption; no observed withdrawals,1.79092066038e+13,99.1771985255,0.82280147446,MODEL001,S,ELEC001;ELEC002;WB001;WB008;WB009;WB011;WB016;WB017,Annual steady-state run rate. Energy charges only; water tariff is an explicit local proxy.,Base Case,2030,ELEC004;ELEC006;DC001;DC017;DC036,"Partial nationwide documented capacity: operating331 plus413MW construction plus50%,65%,80% of2424MW planned pipeline. Half of planned capacity by2030 and15 percentage-point annual realization are analyst execution assumptions; sourced inventory sets the scale. Unknown capacity remains excluded.",S,2025,455.001,317.692,ELEC001,A,3.91646224953,5.6091882704,2.03424,2.5428,608.893976034,2.92660842469,S,0.06,416.035,4.28327962792,ELEC003,S
base,2319.6,2.3196,0.8,1.3,0.5,996.74,21500,16255756.8,16255.7568,16.2557568,16255756800,21132483.84,21132.48384,21.13248384,21132483840,1761.04032,2.10635919427e+13,1.75529932856e+12,9080700096,2412.384,3015.48,8127878400,8127.8784,8127878.4,22268.16,174749385600,14562448800,NaN,NaN,Scenario direct on-site consumption; no observed withdrawals,2.12383413283e+13,99.1771985255,0.82280147446,MODEL001,S,ELEC001;ELEC002;WB001;WB008;WB009;WB011;WB016;WB017,Annual steady-state run rate. Energy charges only; water tariff is an explicit local proxy.,Base Case,2031,ELEC004;ELEC006;DC001;DC017;DC036,"Partial nationwide documented capacity: operating331 plus413MW construction plus50%,65%,80% of2424MW planned pipeline. Half of planned capacity by2030 and15 percentage-point annual realization are analyst execution assumptions; sourced inventory sets the scale. Unknown capacity remains excluded.",S,2025,455.001,317.692,ELEC001,A,4.64449173518,6.65187786913,2.412384,3.01548,645.427614596,3.2741834037,S,0.06,440.337,4.79916151493,ELEC003,S
base,2683.2,2.6832,0.8,1.3,0.5,996.74,21500,18803865.6,18803.8656,18.8038656,18803865600,24445025.28,24445.02528,24.44502528,24445025280,2037.08544,2.43653344976e+13,2.03044454147e+12,9080700096,2790.528,3488.16,9401932800,9401.9328,9401932.8,25758.72,202141555200,16845129600,NaN,NaN,Scenario direct on-site consumption; no observed withdrawals,2.45674760528e+13,99.1771985255,0.82280147446,MODEL001,S,ELEC001;ELEC002;WB001;WB008;WB009;WB011;WB016;WB017,Annual steady-state run rate. Energy charges only; water tariff is an explicit local proxy.,Base Case,2032,ELEC004;ELEC006;DC001;DC017;DC036,"Partial nationwide documented capacity: operating331 plus413MW construction plus50%,65%,80% of2424MW planned pipeline. Half of planned capacity by2030 and15 percentage-point annual realization are analyst execution assumptions; sourced inventory sets the scale. Unknown capacity remains excluded.",S,2025,455.001,317.692,ELEC001,A,5.37252122083,7.69456746786,2.790528,3.48816,684.153271471,3.573033456,S,0.06,467.876,5.22468031701,ELEC003,S
high,3168,3.168,0.95,1.5,1.5,996.74,21500,26364096,26364.096,26.364096,26364096000,39546144,39546.144,39.546144,39546144000,3295.512,3.94172235706e+13,3.28476863088e+12,12442305420,4514.4,4752,39546144000,39546.144,39546144,108345.6,850242096000,70853508000,NaN,NaN,Scenario direct on-site consumption; no observed withdrawals,4.02674656666e+13,97.8885135135,2.11148648649,MODEL001,S,ELEC001;ELEC002;WB001;WB008;WB009;WB011;WB016;WB017,Annual steady-state run rate. Energy charges only; water tariff is an explicit local proxy.,Aggressive AI Boom,2030,ELEC004;ELEC006;DC001;DC017;DC036,"Partial nationwide documented capacity: operating331 plus full413MW construction and2424MW planned by2030, then held at identified pipeline ceiling. AI-led acceleration, not a claim all capacity is AI. No unannounced expansion or undisclosed national capacity invented.",S,2025,455.001,317.692,ELEC001,A,8.69144111771,12.4479508455,4.5144,5.643,608.893976034,6.49475040919,S,0.06,416.035,9.50548487507,ELEC003,S
high,3168,3.168,0.95,1.5,1.5,996.74,21500,26364096,26364.096,26.364096,26364096000,39546144,39546.144,39.546144,39546144000,3295.512,3.94172235706e+13,3.28476863088e+12,12442305420,4514.4,4752,39546144000,39546.144,39546144,108345.6,850242096000,70853508000,NaN,NaN,Scenario direct on-site consumption; no observed withdrawals,4.02674656666e+13,97.8885135135,2.11148648649,MODEL001,S,ELEC001;ELEC002;WB001;WB008;WB009;WB011;WB016;WB017,Annual steady-state run rate. Energy charges only; water tariff is an explicit local proxy.,Aggressive AI Boom,2031,ELEC004;ELEC006;DC001;DC017;DC036,"Partial nationwide documented capacity: operating331 plus full413MW construction and2424MW planned by2030, then held at identified pipeline ceiling. AI-led acceleration, not a claim all capacity is AI. No unannounced expansion or undisclosed national capacity invented.",S,2025,455.001,317.692,ELEC001,A,8.69144111771,12.4479508455,4.5144,5.643,645.427614596,6.12712302754,S,0.06,440.337,8.98088146124,ELEC003,S
high,3168,3.168,0.95,1.5,1.5,996.74,21500,26364096,26364.096,26.364096,26364096000,39546144,39546.144,39.546144,39546144000,3295.512,3.94172235706e+13,3.28476863088e+12,12442305420,4514.4,4752,39546144000,39546.144,39546144,108345.6,850242096000,70853508000,NaN,NaN,Scenario direct on-site consumption; no observed withdrawals,4.02674656666e+13,97.8885135135,2.11148648649,MODEL001,S,ELEC001;ELEC002;WB001;WB008;WB009;WB011;WB016;WB017,Annual steady-state run rate. Energy charges only; water tariff is an explicit local proxy.,Aggressive AI Boom,2032,ELEC004;ELEC006;DC001;DC017;DC036,"Partial nationwide documented capacity: operating331 plus full413MW construction and2424MW planned by2030, then held at identified pipeline ceiling. AI-led acceleration, not a claim all capacity is AI. No unannounced expansion or undisclosed national capacity invented.",S,2025,455.001,317.692,ELEC001,A,8.69144111771,12.4479508455,4.5144,5.643,684.153271471,5.78030474296,S,0.06,467.876,8.45227025964,ELEC003,S
