hardware,tdp_watts,typical_server_configuration,estimated_server_power_kw,rack_density_kw,cooling_requirement,source_id,data_class,notes,server_max_power_kw,measurement_status,gpu_count,listed_system_power_kw,cpu_count,secondary_source_id,rated_rack_power_kw
NVIDIA H100 SXM,700.0,GPU component; commonly8GPUs in DGX H100,NaN,NaN,Air-cooled DGX reference; final facility heat rejection separate,WB019,B,NON-INDONESIAN manufacturer specification. Up to700W configurable GPU TDP; host and cooling excluded.,NaN,manufacturer_design_rating,NaN,NaN,NaN,NaN,NaN
NVIDIA H200 SXM,700.0,GPU component;4or8 in HGX H200 /8 in DGX,NaN,NaN,Air-cooled DGX reference; final facility heat rejection separate,WB020,B,NON-INDONESIAN manufacturer specification. SXM700W; NVL600W is a distinct product. No measured server average inferred.,NaN,manufacturer_design_rating,NaN,NaN,NaN,NaN,NaN
NVIDIA H200 NVL,600.0,GPU component; variable multi-GPU configurations,NaN,NaN,Air cooled enterprise reference,WB020,B,NON-INDONESIAN manufacturer specification. Configurable600W max; do not mix with SXM700W.,NaN,manufacturer_design_rating,NaN,NaN,NaN,NaN,NaN
NVIDIA DGX H100 / H200,NaN,Whole server:8H100or8H200 GPUs,NaN,NaN,Air cooled; chassis5-30C operating specification,WB021,B,NON-INDONESIAN manufacturer specification. Whole-server maximum10.2kW; not eight-GPU TDP sum. PSU installed capacity excluded.,10.2,manufacturer_design_rating,8.0,NaN,NaN,NaN,NaN
NVIDIA B200 GPU,1000.0,GPU component in HGX B200 / DGX B200,NaN,NaN,Depends on system configuration; DGX B200 air cooled,WB023,B,NON-INDONESIAN manufacturer specification. Maximum GPU TDP from technical brief Table3 p26; different from whole-server power.,NaN,manufacturer_design_rating,NaN,NaN,NaN,NaN,NaN
NVIDIA DGX B200,NaN,Whole server:8B200 GPUs,NaN,NaN,Air cooled,WB022,B,NON-INDONESIAN manufacturer specification. Maximum14.3kW system power; no average draw or rack configuration assumed.,14.3,manufacturer_design_rating,8.0,NaN,NaN,NaN,NaN
NVIDIA B300 GPU (HGX),1100.0,GPU component in HGX B300 / DGX B300,NaN,NaN,Depends on reference platform; DGX air cooled,WB023,B,NON-INDONESIAN manufacturer specification. MaximumTDP1100W. GB300 NVL72 per-GPU1400W is a different configuration.,NaN,manufacturer_design_rating,NaN,NaN,NaN,NaN,NaN
NVIDIA DGX B300,NaN,Whole server:8B300 GPUs,NaN,NaN,Air cooled,WB024,B,NON-INDONESIAN manufacturer specification. Power specifications maximum15kW; physical specification lists14.5kW power consumption separately; no average inferred.,15.0,manufacturer_design_rating,8.0,14.5,NaN,NaN,NaN
NVIDIA GB200 NVL72,NaN,Rack-scale reference:72Blackwell GPUs and36Grace CPUs,NaN,120.0,Direct liquid cooling to compute/switch trays; final heat rejection separate,WB025,B,NON-INDONESIAN manufacturer specification. Rack power density120kW is not a GPU rating or single-server maximum. Configuration corroborated by WB026.,NaN,manufacturer_design_rating,72.0,NaN,36.0,WB026,120.0
NVIDIA GB300 NVL72 GPU,1400.0,GPU component in72GPU NVL72 rack-scale system,NaN,NaN,Direct liquid cooling reference,WB027,B,NON-INDONESIAN manufacturer specification. Maximum per-GPU1400W; no verified rack electrical total inferred from summing GPU power.,NaN,manufacturer_design_rating,NaN,NaN,NaN,NaN,NaN
