location,year,month,avg_temperature_c,avg_relative_humidity_pct,rainfall_mm,wet_bulb_c,source_id,data_class,station,measurement_status,source_locator,notes
Batam,2024,1.0,27.0,86.0,453.5,NaN,WB006,A,Hang Nadim,actual_station_observation,Tables1.2.1/1.2.2/1.2.5; printed pp20/21/24,BMKG station observations reproduced by BPS. No campus-level observation or wet-bulb reconstruction. Monthly means cannot establish simultaneous hourly extremes. Monthly rain rows preserved although source table unit header says mm/year.
Batam,2024,2.0,28.2,80.0,163.6,NaN,WB006,A,Hang Nadim,actual_station_observation,Tables1.2.1/1.2.2/1.2.5; printed pp20/21/24,BMKG station observations reproduced by BPS. No campus-level observation or wet-bulb reconstruction. Monthly means cannot establish simultaneous hourly extremes. Monthly rain rows preserved although source table unit header says mm/year.
Batam,2024,3.0,28.8,79.0,220.5,NaN,WB006,A,Hang Nadim,actual_station_observation,Tables1.2.1/1.2.2/1.2.5; printed pp20/21/24,BMKG station observations reproduced by BPS. No campus-level observation or wet-bulb reconstruction. Monthly means cannot establish simultaneous hourly extremes. Monthly rain rows preserved although source table unit header says mm/year.
Batam,2024,4.0,28.9,82.1,209.7,NaN,WB006,A,Hang Nadim,actual_station_observation,Tables1.2.1/1.2.2/1.2.5; printed pp20/21/24,BMKG station observations reproduced by BPS. No campus-level observation or wet-bulb reconstruction. Monthly means cannot establish simultaneous hourly extremes. Monthly rain rows preserved although source table unit header says mm/year.
Batam,2024,5.0,28.2,87.3,363.6,NaN,WB006,A,Hang Nadim,actual_station_observation,Tables1.2.1/1.2.2/1.2.5; printed pp20/21/24,BMKG station observations reproduced by BPS. No campus-level observation or wet-bulb reconstruction. Monthly means cannot establish simultaneous hourly extremes. Monthly rain rows preserved although source table unit header says mm/year.
Batam,2024,6.0,27.9,85.5,271.7,NaN,WB006,A,Hang Nadim,actual_station_observation,Tables1.2.1/1.2.2/1.2.5; printed pp20/21/24,BMKG station observations reproduced by BPS. No campus-level observation or wet-bulb reconstruction. Monthly means cannot establish simultaneous hourly extremes. Monthly rain rows preserved although source table unit header says mm/year.
Batam,2024,7.0,28.7,81.0,101.3,NaN,WB006,A,Hang Nadim,actual_station_observation,Tables1.2.1/1.2.2/1.2.5; printed pp20/21/24,BMKG station observations reproduced by BPS. No campus-level observation or wet-bulb reconstruction. Monthly means cannot establish simultaneous hourly extremes. Monthly rain rows preserved although source table unit header says mm/year.
Batam,2024,8.0,27.9,83.7,253.2,NaN,WB006,A,Hang Nadim,actual_station_observation,Tables1.2.1/1.2.2/1.2.5; printed pp20/21/24,BMKG station observations reproduced by BPS. No campus-level observation or wet-bulb reconstruction. Monthly means cannot establish simultaneous hourly extremes. Monthly rain rows preserved although source table unit header says mm/year.
Batam,2024,9.0,28.0,84.0,239.8,NaN,WB006,A,Hang Nadim,actual_station_observation,Tables1.2.1/1.2.2/1.2.5; printed pp20/21/24,BMKG station observations reproduced by BPS. No campus-level observation or wet-bulb reconstruction. Monthly means cannot establish simultaneous hourly extremes. Monthly rain rows preserved although source table unit header says mm/year.
Batam,2024,10.0,28.1,84.3,130.6,NaN,WB006,A,Hang Nadim,actual_station_observation,Tables1.2.1/1.2.2/1.2.5; printed pp20/21/24,BMKG station observations reproduced by BPS. No campus-level observation or wet-bulb reconstruction. Monthly means cannot establish simultaneous hourly extremes. Monthly rain rows preserved although source table unit header says mm/year.
Batam,2024,11.0,27.5,86.6,296.4,NaN,WB006,A,Hang Nadim,actual_station_observation,Tables1.2.1/1.2.2/1.2.5; printed pp20/21/24,BMKG station observations reproduced by BPS. No campus-level observation or wet-bulb reconstruction. Monthly means cannot establish simultaneous hourly extremes. Monthly rain rows preserved although source table unit header says mm/year.
Batam,2024,12.0,28.1,80.3,160.4,NaN,WB006,A,Hang Nadim,actual_station_observation,Tables1.2.1/1.2.2/1.2.5; printed pp20/21/24,BMKG station observations reproduced by BPS. No campus-level observation or wet-bulb reconstruction. Monthly means cannot establish simultaneous hourly extremes. Monthly rain rows preserved although source table unit header says mm/year.
Jakarta,2024,1.0,28.45,79.72,311.6,NaN,WB007,A,Kemayoran,actual_station_observation,Table1.2.2; printed pp30/31/34,BMKG station observations reproduced by BPS. No campus-level observation or wet-bulb reconstruction. Monthly means cannot establish simultaneous hourly extremes.
Jakarta,2024,2.0,28.33,81.75,500.5,NaN,WB007,A,Kemayoran,actual_station_observation,Table1.2.2; printed pp30/31/34,BMKG station observations reproduced by BPS. No campus-level observation or wet-bulb reconstruction. Monthly means cannot establish simultaneous hourly extremes.
Jakarta,2024,3.0,28.41,81.09,314.3,NaN,WB007,A,Kemayoran,actual_station_observation,Table1.2.2; printed pp30/31/34,BMKG station observations reproduced by BPS. No campus-level observation or wet-bulb reconstruction. Monthly means cannot establish simultaneous hourly extremes.
Jakarta,2024,4.0,29.43,78.65,120.8,NaN,WB007,A,Kemayoran,actual_station_observation,Table1.2.2; printed pp30/31/34,BMKG station observations reproduced by BPS. No campus-level observation or wet-bulb reconstruction. Monthly means cannot establish simultaneous hourly extremes.
Jakarta,2024,5.0,30.13,74.23,34.1,NaN,WB007,A,Kemayoran,actual_station_observation,Table1.2.2; printed pp30/31/34,BMKG station observations reproduced by BPS. No campus-level observation or wet-bulb reconstruction. Monthly means cannot establish simultaneous hourly extremes.
Jakarta,2024,6.0,29.12,77.03,109.5,NaN,WB007,A,Kemayoran,actual_station_observation,Table1.2.2; printed pp30/31/34,BMKG station observations reproduced by BPS. No campus-level observation or wet-bulb reconstruction. Monthly means cannot establish simultaneous hourly extremes.
Jakarta,2024,7.0,27.96,76.98,137.8,NaN,WB007,A,Kemayoran,actual_station_observation,Table1.2.2; printed pp30/31/34,BMKG station observations reproduced by BPS. No campus-level observation or wet-bulb reconstruction. Monthly means cannot establish simultaneous hourly extremes.
Jakarta,2024,8.0,29.02,70.54,7.6,NaN,WB007,A,Kemayoran,actual_station_observation,Table1.2.2; printed pp30/31/34,BMKG station observations reproduced by BPS. No campus-level observation or wet-bulb reconstruction. Monthly means cannot establish simultaneous hourly extremes.
Jakarta,2024,9.0,29.14,71.53,172.5,NaN,WB007,A,Kemayoran,actual_station_observation,Table1.2.2; printed pp30/31/34,BMKG station observations reproduced by BPS. No campus-level observation or wet-bulb reconstruction. Monthly means cannot establish simultaneous hourly extremes.
Jakarta,2024,10.0,30.07,68.85,61.4,NaN,WB007,A,Kemayoran,actual_station_observation,Table1.2.2; printed pp30/31/34,BMKG station observations reproduced by BPS. No campus-level observation or wet-bulb reconstruction. Monthly means cannot establish simultaneous hourly extremes.
Jakarta,2024,11.0,29.21,75.42,150.4,NaN,WB007,A,Kemayoran,actual_station_observation,Table1.2.2; printed pp30/31/34,BMKG station observations reproduced by BPS. No campus-level observation or wet-bulb reconstruction. Monthly means cannot establish simultaneous hourly extremes.
Jakarta,2024,12.0,28.42,78.44,338.7,NaN,WB007,A,Kemayoran,actual_station_observation,Table1.2.2; printed pp30/31/34,BMKG station observations reproduced by BPS. No campus-level observation or wet-bulb reconstruction. Monthly means cannot establish simultaneous hourly extremes.
Cikarang,2024,NaN,NaN,NaN,NaN,NaN,WB018,A,NaN,gap_no_observation_retrieved,BMKG Data Online portal,"Gap placeholder; no numeric observation retrieved. Does not imply absent meteorological records or zero temperature, humidity or rainfall."
Karawang,2024,NaN,NaN,NaN,NaN,NaN,WB018,A,NaN,gap_no_observation_retrieved,BMKG Data Online portal,"Gap placeholder; no numeric observation retrieved. Does not imply absent meteorological records or zero temperature, humidity or rainfall."
Bintan,2024,NaN,NaN,NaN,NaN,NaN,WB018,A,NaN,gap_no_observation_retrieved,BMKG Data Online portal,"Gap placeholder; no numeric observation retrieved. Does not imply absent meteorological records or zero temperature, humidity or rainfall."
