company,facility,location,province,status,operational_mw,under_construction_mw,committed_mw,planned_mw,potential_mw,power_connection_mva,power_connection_mw,ai_specific,hyperscale,investment_usd,announcement_date,expected_completion,source_id,data_class,notes,capacity_numeric_class,include_in_inventory,reported_capacity_mw,operational_source_date,project_id,capacity_basis,supporting_source_ids,reported_power_connection_mw,connection_feed_count,connection_data_class,conversion_power_factor,power_connection_mw_data_class,conversion_power_factor_data_class
DCI Indonesia,"H1 Campus (JK1, JK2, JK3, JK5, JK6)",Cibitung,West Java,operational,75.0,NaN,NaN,NaN,NaN,NaN,NaN,NaN,True,NaN,NaN,NaN,DC001,A,"Five live buildings, aggregate current operator IT scope. Campus total counted once; individual JK6 historical release retained outside total. Operator homepage elsewhere says220 MW scalable versus300 MW data-centers card.",A,True,NaN,NaN,DCI-H1,IT,NaN,NaN,NaN,NaN,NaN,NaN,NaN
DCI Indonesia / Salim Group DISM,"H2 Campus (H2-01, H2-02)",Karawang,West Java,operational,30.0,NaN,NaN,NaN,NaN,NaN,NaN,NaN,True,NaN,NaN,NaN,DC001,A,"Two live buildings, current combined IT scope. Earlier June2023 announcement27 MW retained as alternative.30 MW solar-generation capacity is not IT capacity.",A,True,NaN,NaN,DCI-H2,IT,NaN,NaN,NaN,NaN,NaN,NaN,NaN
DCI Indonesia,E1,Jakarta,DKI Jakarta,operational,19.0,NaN,NaN,NaN,NaN,NaN,NaN,True,NaN,NaN,NaN,NaN,DC001,A,"Current operator card19 MW IT; homepage identifies AI inference readiness. Operational fromDecember2023 per operator news, without exact start day. AI ready does not establish AI workload share.",A,True,NaN,NaN,DCI-E1,IT,NaN,NaN,NaN,NaN,NaN,NaN,NaN
DCI Indonesia,E2,Surabaya,East Java,operational,9.0,NaN,NaN,NaN,NaN,NaN,NaN,NaN,NaN,NaN,NaN,NaN,DC001,A,Operator homepage separately states inaugurated6 April2026. Undated facility card explicitly9 MW IT.,A,True,NaN,2026-04-06,DCI-E2,IT,NaN,NaN,NaN,NaN,NaN,NaN,NaN
DCI Indonesia,H5 Sky Bintan Data Center Park,Bintan,Riau Islands,planned,NaN,NaN,NaN,1000.0,NaN,NaN,NaN,NaN,True,NaN,NaN,NaN,DC001,A,"Official current card explicitly planned.1,000 MW IT is campus ceiling with power/water supplied by park; no building commissioned or completion date disclosed. Historical third-party naming H3 differs from current H5.",A,True,NaN,NaN,DCI-H5,IT,NaN,NaN,NaN,NaN,NaN,NaN,NaN
DCI Indonesia,H1 further potential beyond existing campus,Cibitung,West Java,potential,NaN,NaN,NaN,NaN,225.0,NaN,NaN,NaN,True,NaN,NaN,NaN,DC001,E,"Disjoint modeled residual=300 MW scalable ceiling less75 MW currently listed live. A potential ceiling, not committed build; homepage220 MW alternative is preserved in source notes.",E,True,NaN,NaN,DCI-H1-POT,IT,NaN,NaN,NaN,NaN,NaN,NaN,NaN
DCI Indonesia / Salim Group DISM,H2 further potential beyond existing campus,Karawang,West Java,potential,NaN,NaN,NaN,NaN,570.0,NaN,NaN,NaN,True,NaN,NaN,NaN,DC001,E,"Disjoint modeled residual=600 MW stated minimum scalable ceiling less30 MW currently listed live. Potential alone, excludes30 MW solar nameplate.",E,True,NaN,NaN,DCI-H2-POT,IT,NaN,NaN,NaN,NaN,NaN,NaN,NaN
DCI Indonesia,H1-JK6 (historical individual observation),Cibitung,West Java,operational,NaN,NaN,NaN,NaN,NaN,NaN,NaN,True,True,NaN,2025-06-03,NaN,DC002,A,Individual JK6 included within current H1 aggregate; release36 MW not explicitly IT. Entry retained for event chronology and double-counting audit.,A,False,36.0,2025-06-03,DCI-H1-JK6-OBS,undisclosed,NaN,NaN,NaN,NaN,NaN,NaN,NaN
DCI Indonesia / Salim Group DISM,H2 historical2023 campus observation,Karawang,West Java,operational,NaN,NaN,NaN,NaN,NaN,NaN,NaN,NaN,NaN,NaN,2023-06-22,NaN,DC003,A,Alternative historical H2 total27 MW versus current30 MW. H2-01=15 MW IT; addition implied12 MW then. Current H2 aggregate governs snapshot; no duplicate inventory capacity.,A,False,27.0,2023-06-22,DCI-H2-2023-OBS,IT,NaN,NaN,NaN,NaN,NaN,NaN,NaN
BDx Data Centers / Indosat / Lintasarta,CGK1,Jakarta,DKI Jakarta,operational,8.0,NaN,NaN,NaN,NaN,NaN,NaN,True,NaN,NaN,NaN,NaN,DC004,A,Explicit IT capacity. Operator describes AI inference readiness; actual GPU/AI utilization undisclosed.,A,True,NaN,NaN,BDX-CGK1,IT,NaN,NaN,NaN,NaN,NaN,NaN,NaN
BDx Data Centers / Indosat / Lintasarta,CGK2,South Tangerang,Banten,operational,3.4,NaN,NaN,NaN,NaN,NaN,NaN,True,NaN,NaN,NaN,NaN,DC005,A,"Explicit IT capacity at Technopark BSD. AI inference capable, no disclosed AI workload percentage.",A,True,NaN,NaN,BDX-CGK2,IT,NaN,NaN,NaN,NaN,NaN,NaN,NaN
BDx Data Centers / Indosat / Lintasarta,CGK3/3A combined AI Campus1,Jakarta,DKI Jakarta,operational,26.0,NaN,NaN,NaN,NaN,60.0,57.0,True,NaN,NaN,NaN,NaN,DC006,A,Combined current campus card. Earlier15 MW CGK3A/2 MW CGK3 must not be added.60 MVA utility supply is separate from26 MW IT.,A,True,NaN,NaN,BDX-CGK3A,IT,NaN,NaN,NaN,E,0.95,E,S
BDx Data Centers / Indosat / Lintasarta,CGK4 legacy first phase,Jatiluhur,West Java,operational,NaN,NaN,NaN,NaN,NaN,NaN,NaN,True,True,NaN,NaN,NaN,DC009,A,"Legacy first-phase completion confirmed by older operator announcement, but its delivered MW is not disclosed.500 MW was scalability ceiling. Not set to zero or equal to campus ceiling.",A,True,NaN,NaN,BDX-CGK4-LEGACY,undisclosed,NaN,NaN,NaN,NaN,NaN,NaN,NaN
BDx Data Centers / Indosat / Lintasarta,CGK4 Building1,Jatiluhur,West Java,under_construction,NaN,120.0,NaN,NaN,NaN,NaN,NaN,True,True,NaN,2026-09-22,First contracted phase early2027; building staged delivery,DC008,A,Construction begun on first of six new buildings.120 MW is Building1 full phased IT capacity; amount in first phase unknown. Separate from unidentified legacy first-phase MW; never640 MW live.,A,True,NaN,NaN,BDX-CGK4-B1,IT,DC007,NaN,NaN,NaN,NaN,NaN,NaN
BDx Data Centers / Indosat / Lintasarta,CGK4 ultimate campus ceiling (excluded overlap),Jatiluhur,West Java,planned,NaN,NaN,NaN,NaN,NaN,845.0,802.75,True,True,NaN,NaN,NaN,DC007,A,Campus640 MW IT overlaps120 MW Building1 and unknown legacy operating capacity. Remaining planned capacity cannot be allocated safely. Website operational label does not mean all640 MW commissioned.,A,False,640.0,NaN,BDX-CGK4-CAMPUS-OBS,IT,DC008,NaN,NaN,E,0.95,E,S
BDx Data Centers / Indosat / Lintasarta,CGK4 historical500 MW campus ceiling,Jatiluhur,West Java,potential,NaN,NaN,NaN,NaN,NaN,NaN,NaN,True,True,NaN,NaN,NaN,DC009,A,Historical scalability ceiling superseded by640 MW IT current design; not operational and not additive.,A,False,500.0,NaN,BDX-CGK4-500-OBS,undisclosed,NaN,NaN,NaN,NaN,NaN,NaN,NaN
BDx Data Centers / Indosat / Lintasarta,CGK5 AI Campus3,Karawang,West Java,committed,NaN,NaN,290.0,NaN,NaN,385.0,365.75,True,True,NaN,NaN,NaN,DC010,A,Official page says In Development and secured phased290 MW IT. Classified committed based on secured power; exact construction/first-phase quantum and RFS not disclosed.,A,True,NaN,NaN,BDX-CGK5,IT,NaN,NaN,NaN,E,0.95,E,S
DayOne / Indonesia Investment Authority,Nongsa Digital Park delivered campus,Batam,Riau Islands,operational,NaN,NaN,NaN,NaN,NaN,NaN,NaN,NaN,True,NaN,NaN,NaN,DC012,A,"Operator timeline says34 MW delivered, no explicit IT basis. Cannot put34 in modeled operational IT column; does not mean MW not present. JLL later H12025 report5 MW operational differs; preserved in DC039 and research notes.",A,True,34.0,NaN,DAYONE-NDP,undisclosed,NaN,NaN,NaN,NaN,NaN,NaN,NaN
DayOne / Indonesia Investment Authority,Nongsa Digital Park ultimate campus ceiling,Batam,Riau Islands,planned,NaN,NaN,NaN,NaN,NaN,NaN,NaN,NaN,True,NaN,NaN,2025 onwards (phased schedule),DC011,A,72 MW total-capacity card is multi-phase and not explicitly IT. Campus ceiling overlaps delivered34 MW; all72 MW never assumed operational.,A,False,72.0,NaN,DAYONE-NDP-72-OBS,undisclosed,NaN,NaN,NaN,NaN,NaN,NaN,NaN
DayOne,Kabil Industrial Tech Park,Batam,Riau Islands,committed,NaN,NaN,NaN,NaN,NaN,511.0,450.0,NaN,True,NaN,2026-04-17,NaN,DC013,A,"Signed PPA. Approximately450 MW operator-reported grid capacity for511 MVA; IT MW not disclosed. Do not convert450 grid MW directly to IT, or overwrite with configurable0.95 modeled power-factor estimate.",A,True,NaN,NaN,DAYONE-KABIL,connection,NaN,NaN,NaN,A,NaN,A,NaN
DAMAC Digital / EDGNEX,Cikarang AI campus,Cikarang,West Java,under_construction,NaN,NaN,NaN,NaN,NaN,NaN,NaN,True,True,2300000000.0,2025-06-19,First phase December2026; development to2028,DC014,A,"Construction begun;144 MW is projected future campus capacity without explicit IT basis. Official Indonesian ministry identifies Cikarang. USD2.3bn announced investment, not resources cost or expenditure realized.",A,True,144.0,NaN,EDGNEX-CIKARANG,undisclosed,DC015,NaN,NaN,NaN,NaN,NaN,NaN
DAMAC Digital / EDGNEX,MT Haryono,Jakarta,DKI Jakarta,planned,NaN,NaN,NaN,NaN,NaN,NaN,NaN,True,True,NaN,NaN,First phaseQ3 2026 (unverified schedule),DC014,A,"Separate first Indonesian project announced2024. Expected completion passed as of cutoff, but no actual commissioning established; keep planned. MW basis unspecified.",A,True,19.2,NaN,EDGNEX-MTH,undisclosed,NaN,NaN,NaN,NaN,NaN,NaN,NaN
NeutraDC / Telkom Indonesia,Cikarang existing HDC,Cikarang,West Java,operational,10.0,NaN,NaN,NaN,NaN,NaN,NaN,NaN,True,NaN,NaN,NaN,DC016,A,20-F reports current10 MW IT as at2025 year-end. Capacity billed/tenant fitout can differ from shell/design capacity. Singapore17 MW excluded from Indonesia sum.,A,True,NaN,2025-12-31,NEUTRA-CIKARANG,IT,NaN,NaN,NaN,NaN,NaN,NaN,NaN
NeutraDC / Telkom Indonesia,Cikarang additional development,Cikarang,West Java,under_construction,NaN,18.0,NaN,NaN,NaN,NaN,NaN,NaN,True,NaN,NaN,NaN,DC016,A,FY2025 20-F describes development with additional18 MW IT; distinct from10 MW existing scope. Incremental commissioning after this disclosure not inferred.,A,True,NaN,NaN,NEUTRA-CIKARANG-EXP,IT,NaN,NaN,NaN,NaN,NaN,NaN,NaN
NeutraDC / Telkom Indonesia,"3S enterprise centers (Serpong, Sentul, Surabaya)",Multi-site Indonesia,Banten; West Java; East Java,operational,17.0,NaN,NaN,NaN,NaN,NaN,NaN,NaN,NaN,NaN,NaN,NaN,DC016,A,"Aggregate three Indonesian enterprise sites17 MW IT. No split by facility disclosed. Child location rows below excluded from numerical total, avoids equal-split fabrication.",A,True,NaN,2025-12-31,NEUTRA-3S,IT,NaN,NaN,NaN,NaN,NaN,NaN,NaN
NeutraDC / Telkom Indonesia,Serpong enterprise DC,Serpong,Banten,operational,NaN,NaN,NaN,NaN,NaN,NaN,NaN,NaN,NaN,NaN,NaN,NaN,DC019,A,"Named Indonesian physical site; numerical capacity included only in3S17 MW aggregate, no facility allocation disclosed.",A,False,NaN,NaN,NEUTRA-SERPONG,undisclosed,NaN,NaN,NaN,NaN,NaN,NaN,NaN
NeutraDC / Telkom Indonesia,Sentul enterprise DC,Sentul,West Java,operational,NaN,NaN,NaN,NaN,NaN,NaN,NaN,NaN,NaN,NaN,NaN,NaN,DC019,A,"Named Indonesian physical site; numerical capacity included only in3S17 MW aggregate, no facility allocation disclosed.",A,False,NaN,NaN,NEUTRA-SENTUL,undisclosed,NaN,NaN,NaN,NaN,NaN,NaN,NaN
NeutraDC / Telkom Indonesia,Surabaya enterprise DC,Surabaya,East Java,operational,NaN,NaN,NaN,NaN,NaN,NaN,NaN,NaN,NaN,NaN,NaN,NaN,DC019,A,"Named Indonesian physical site; numerical capacity included only in3S17 MW aggregate, no facility allocation disclosed.",A,False,NaN,NaN,NEUTRA-SURABAYA,undisclosed,NaN,NaN,NaN,NaN,NaN,NaN,NaN
NeutraDC Nxera / Telkom / Singtel / Medco,BTM-1,Batam,Riau Islands,under_construction,NaN,18.0,NaN,NaN,NaN,90.0,85.5,True,True,NaN,2025-11-04,2026 scheduled; commissioning unverified,DC017,A,"18 MW first-building IT target.20-F contradictory 'became operational2026' preserved; newer5 June2026 release still schedules opening.90 MVA relates whole Batam development, not BTM1 IT. Partnered capacity is not actual power utilization.",A,True,NaN,NaN,NEUTRA-BTM1,IT,DC016|DC018,NaN,NaN,E,0.95,E,S
NeutraDC Nxera / Telkom / Singtel / Medco,BTM-2,Batam,Riau Islands,planned,NaN,NaN,NaN,NaN,NaN,NaN,NaN,True,True,NaN,2026-06-05,NaN,DC018,A,Operator preparing second-building development; no MW or first commissioning date disclosed.,A,True,NaN,NaN,NEUTRA-BTM2,undisclosed,NaN,NaN,NaN,NaN,NaN,NaN,NaN
NTT DATA,Jakarta3 initial commissioned block,Bekasi,West Java,operational,15.2,NaN,NaN,NaN,NaN,NaN,NaN,NaN,True,NaN,NaN,NaN,DC020,A,Historical launch specifies15.2 MW critical IT load. Conservatively retains verified initial block; later phases not assumed commissioned. Not45 MW operational.,A,True,NaN,NaN,NTT-JKT3-P1,IT,NaN,NaN,NaN,NaN,NaN,NaN,NaN
NTT DATA,Jakarta3 ultimate campus specification,Bekasi,West Java,planned,NaN,NaN,NaN,NaN,NaN,NaN,NaN,NaN,True,NaN,NaN,NaN,DC021,A,Planned brochure45.6 MW in three15.2 MW blocks versus rounded45 MW launch target. Overlaps initial15.2 MW block; remaining completion status unknown. Excluded from capacity sum.,A,False,45.6,NaN,NTT-JKT3-ULT-OBS,IT,DC020,NaN,NaN,NaN,NaN,NaN,NaN
NTT DATA,Jakarta2 and Jakarta2A campus,Jakarta,DKI Jakarta,operational,NaN,NaN,NaN,NaN,NaN,NaN,NaN,NaN,NaN,NaN,NaN,NaN,DC022,A,"Current services page offers Jakarta2A as part of broader Jakarta2 campus, but12 MW is described as aims to provide. Numeric operational IT omitted;12W specification typo unresolved. Scope counts campus once.",A,True,12.0,NaN,NTT-JKT2,IT,NaN,NaN,NaN,NaN,NaN,NaN,NaN
ST Telemedia Global Data Centres / Triputra / Temasek,STT Jakarta1,Cikarang,West Java,operational,18.0,NaN,NaN,NaN,NaN,NaN,NaN,NaN,True,NaN,NaN,NaN,DC023,A,Current official facility card18 MW IT selected. Historical June2023 launch19.5 MW retained as alternative; do not silently reconcile capacity planning definitions.,A,True,NaN,NaN,STT-JKT1,IT,DC025,NaN,NaN,NaN,NaN,NaN,NaN
ST Telemedia Global Data Centres / Triputra / Temasek,STT Jakarta2,Cikarang,West Java,operational,24.0,NaN,NaN,NaN,NaN,NaN,NaN,True,True,NaN,2026-06-10,NaN,DC024,A,"Dated official release explicitly commences operations at24 MW IT. AI-ready infrastructure, actual AI workload proportion not known.",A,True,NaN,2026-06-10,STT-JKT2,IT,NaN,NaN,NaN,NaN,NaN,NaN,NaN
ST Telemedia Global Data Centres / Triputra / Temasek,STT Jakarta3,Cikarang,West Java,under_construction,NaN,24.0,NaN,NaN,NaN,NaN,NaN,True,True,NaN,2026-06-10,NaN,DC023,A,Current facility card24 MW IT with underdevelopment status; dated June2026 release confirms toppingout.,A,True,NaN,NaN,STT-JKT3,IT,DC024,NaN,NaN,NaN,NaN,NaN,NaN
ST Telemedia Global Data Centres / Triputra / Temasek,STT Jakarta4,Cikarang,West Java,planned,NaN,NaN,NaN,48.0,NaN,NaN,NaN,True,True,NaN,NaN,NaN,DC023,A,"Underdevelopment label, no building-specific groundbreaking retrieved.48 MW IT current card kept planned.",A,True,NaN,NaN,STT-JKT4,IT,NaN,NaN,NaN,NaN,NaN,NaN,NaN
ST Telemedia Global Data Centres / Triputra / Temasek,STT Jakarta5,Cikarang,West Java,under_construction,NaN,40.0,NaN,NaN,NaN,NaN,NaN,True,True,NaN,2026-06-10,NaN,DC024,A,Official June2026 release confirms groundbreaking and40 MW IT planned for this building. Commissioning not inferred.,A,True,NaN,NaN,STT-JKT5,IT,NaN,NaN,NaN,NaN,NaN,NaN,NaN
ST Telemedia Global Data Centres / Triputra / Temasek,STT Jakarta6,Cikarang,West Java,under_construction,NaN,40.0,NaN,NaN,NaN,NaN,NaN,True,True,NaN,2026-06-10,NaN,DC024,A,Official June2026 release confirms groundbreaking and40 MW IT planned for this building. Commissioning not inferred.,A,True,NaN,NaN,STT-JKT6,IT,NaN,NaN,NaN,NaN,NaN,NaN,NaN
ST Telemedia Global Data Centres / Triputra / Temasek,STT Jakarta7,Cikarang,West Java,planned,NaN,NaN,NaN,60.0,NaN,NaN,NaN,True,True,NaN,NaN,NaN,DC023,A,"Underdevelopment portfolio includes sites held for further development.60 MW IT current card kept planned, not assumed physically under construction.",A,True,NaN,NaN,STT-JKT7,IT,NaN,NaN,NaN,NaN,NaN,NaN,NaN
ST Telemedia Global Data Centres / Triputra / Temasek,STT Jakarta8,Cikarang,West Java,planned,NaN,NaN,NaN,60.0,NaN,NaN,NaN,True,True,NaN,NaN,NaN,DC023,A,"Underdevelopment portfolio includes sites held for further development.60 MW IT current card kept planned, not assumed physically under construction.",A,True,NaN,NaN,STT-JKT8,IT,NaN,NaN,NaN,NaN,NaN,NaN,NaN
ST Telemedia Global Data Centres / Triputra / Temasek,STT Jakarta9,Cikarang,West Java,planned,NaN,NaN,NaN,60.0,NaN,NaN,NaN,True,True,NaN,NaN,NaN,DC023,A,"Underdevelopment portfolio includes sites held for further development.60 MW IT current card kept planned, not assumed physically under construction.",A,True,NaN,NaN,STT-JKT9,IT,NaN,NaN,NaN,NaN,NaN,NaN,NaN
ST Telemedia Global Data Centres / Triputra / Temasek,STT Jakarta1 historical launch observation,Cikarang,West Java,operational,NaN,NaN,NaN,NaN,NaN,NaN,NaN,NaN,NaN,NaN,2023-06-21,NaN,DC025,A,Historical up-to19.5 MW IT launch; current18 MW card controls snapshot. Alternate kept outside sum for discrepancy audit.,A,False,19.5,2023-06-21,STT-JKT1-2023-OBS,IT,NaN,NaN,NaN,NaN,NaN,NaN,NaN
Digital Edge Indonesia / Indonet,EDGE1,Jakarta,DKI Jakarta,operational,6.0,NaN,NaN,NaN,NaN,NaN,NaN,NaN,NaN,NaN,NaN,NaN,DC026,A,Official spec6 MW IT; later CGK release refers to existing EDGE1 downtown facility.,A,True,NaN,NaN,EDGE1,IT,DC028,NaN,NaN,NaN,NaN,NaN,NaN
Digital Edge Indonesia / Indonet,EDGE2,Jakarta,DKI Jakarta,operational,23.0,NaN,NaN,NaN,NaN,NaN,NaN,True,True,NaN,NaN,NaN,DC026,A,Official spec23 MW IT and operator ready-for-service news dated28 Feb2024. AI-ready design does not prove AI-only workload.,A,True,NaN,2024-02-28,EDGE2,IT,DC027,NaN,NaN,NaN,NaN,NaN,NaN
Digital Edge Indonesia / Indonet,CGK Campus full four-building development,Cikarang,West Java,planned,NaN,NaN,NaN,500.0,NaN,725.0,688.75,True,True,4500000000.0,2026-01-28,CGK1Q4 2026; buildings2/3Q1/Q2 2027; full build undisclosed,DC044,A,"500 MW explicitly IT at full development. Part already under construction but MW by building not allocated here; numeric full-build capacity classified planned to prevent treating all500 MW as construction/live.725 MVA is each of two independent dual feeds, source markets2×725 MVA as1.45 GW; not summed as firm usable IT.",A,True,NaN,NaN,EDGE-CGK-PLANNED,IT,DC028,1450.0,2.0,E,0.95,E,S
Digital Edge Indonesia / Indonet,CGK1 building construction milestone,Cikarang,West Java,under_construction,NaN,NaN,NaN,NaN,NaN,NaN,NaN,True,True,NaN,2026-06-08,Q4 2026 (unverified schedule),DC028,A,"Physical first building topped out, but commissioned phase MW not disclosed in inspected release. Its eventual IT capacity sits within500 MW full-campus row, no duplicate MW.",A,False,NaN,NaN,EDGE-CGK1,undisclosed,NaN,NaN,NaN,NaN,NaN,NaN,NaN
Digital Edge Indonesia / Indonet,CGK additional scalability beyond four-building plan,Cikarang,West Java,potential,NaN,NaN,NaN,NaN,500.0,NaN,NaN,True,True,NaN,NaN,NaN,DC044,E,"Disjoint residual=1,000 MW ultimate scalability less500 MW full-development IT plan. No binding operational timetable.",E,True,NaN,NaN,EDGE-CGK-POT,IT,NaN,NaN,NaN,NaN,NaN,NaN,NaN
Equinix / Astra International,JK1 (new Astra joint venture),Jakarta,DKI Jakarta,operational,NaN,NaN,NaN,NaN,NaN,NaN,NaN,True,NaN,NaN,2025-05-15,NaN,DC029,A,"Initial 550 cabinets and ultimate 1,600 cabinets. No source IT MW; cabinet count never converted to power. Distinct from DCI JK1 formerly an Equinix partner facility.",A,True,NaN,2025-05-15,EQIX-JK1,undisclosed,NaN,NaN,NaN,NaN,NaN,NaN,NaN
Princeton Digital Group,JC1/JC2 campus,Cibitung,West Java,operational,NaN,NaN,NaN,NaN,NaN,NaN,NaN,NaN,True,NaN,NaN,NaN,DC040,A,Current26 MW combined capacity lacks explicit IT designation; launchJC2=22 MW also lacks explicit IT label. No doublecountJC2 individual; included scope with unknown numerical IT capacity.,A,True,26.0,NaN,PDG-JC12,undisclosed,DC041,NaN,NaN,NaN,NaN,NaN,NaN
Princeton Digital Group,JC2 historical individual launch,Cibitung,West Java,operational,NaN,NaN,NaN,NaN,NaN,NaN,NaN,NaN,True,NaN,2023-09-25,NaN,DC041,A,"Individual facility withinJC1/JC2 campus;22 MW no explicit IT basis. Retained chronological observation, excluded aggregate overlap.",A,False,22.0,2023-09-25,PDG-JC2-OBS,undisclosed,NaN,NaN,NaN,NaN,NaN,NaN,NaN
Princeton Digital Group,JC3 campus,Cikarang,West Java,under_construction,NaN,NaN,NaN,NaN,NaN,NaN,NaN,True,True,1000000000.0,2025-11-19,First phaseQ4 2026 (unverified),DC042,A,Groundbreaking verified. Whole-campus 120 MW target and USD 1 billion investment are not actual consumption; inspected release lacks explicit IT definition. MW retained separately until capacity basis confirmed.,A,True,120.0,NaN,PDG-JC3,undisclosed,NaN,NaN,NaN,NaN,NaN,NaN,NaN
Princeton Digital Group,JC4 campus,Cikarang,West Java,under_construction,NaN,NaN,NaN,NaN,NaN,NaN,NaN,True,True,NaN,2026-04-30,NaN,DC043,A,"Construction begun; four planned 60 MW buildings. 240 MW is the full campus/powered-land plan, not delivered IT capacity. Capacity basis ambiguous; no IT inference from marketing alone.",A,True,240.0,NaN,PDG-JC4,undisclosed,NaN,NaN,NaN,NaN,NaN,NaN,NaN
Princeton Digital Group,Bandung regional campus,Bandung,West Java,operational,NaN,NaN,NaN,NaN,NaN,NaN,NaN,NaN,NaN,NaN,NaN,NaN,DC040,A,"Official portfolio identifies operating customer-serving location. Four regionalsites combined12 MW, allocation and IT/facility basis undisclosed; no per-site MW invented.",A,True,NaN,NaN,PDG-BANDUNG,undisclosed,NaN,NaN,NaN,NaN,NaN,NaN,NaN
Princeton Digital Group,Bintaro regional campus,Bintaro,Banten,operational,NaN,NaN,NaN,NaN,NaN,NaN,NaN,NaN,NaN,NaN,NaN,NaN,DC040,A,"Official portfolio identifies operating customer-serving location. Four regionalsites combined12 MW, allocation and IT/facility basis undisclosed; no per-site MW invented.",A,True,NaN,NaN,PDG-BINTARO,undisclosed,NaN,NaN,NaN,NaN,NaN,NaN,NaN
Princeton Digital Group,Pekanbaru regional campus,Pekanbaru,Riau,operational,NaN,NaN,NaN,NaN,NaN,NaN,NaN,NaN,NaN,NaN,NaN,NaN,DC040,A,"Official portfolio identifies operating customer-serving location. Four regionalsites combined12 MW, allocation and IT/facility basis undisclosed; no per-site MW invented.",A,True,NaN,NaN,PDG-PEKANBARU,undisclosed,NaN,NaN,NaN,NaN,NaN,NaN,NaN
Princeton Digital Group,Surabaya regional campus,Surabaya,East Java,operational,NaN,NaN,NaN,NaN,NaN,NaN,NaN,NaN,NaN,NaN,NaN,NaN,DC040,A,"Official portfolio identifies operating customer-serving location. Four regionalsites combined12 MW, allocation and IT/facility basis undisclosed; no per-site MW invented.",A,True,NaN,NaN,PDG-SURABAYA,undisclosed,NaN,NaN,NaN,NaN,NaN,NaN,NaN
Amazon Web Services,Asia Pacific Jakarta Region,Greater Jakarta,Not disclosed,operational,NaN,NaN,NaN,NaN,NaN,NaN,NaN,NaN,True,5000000000.0,2021-12-14,NaN,DC030,A,"Cloud-region record; multiple physical sites and possible third-party colocation overlap. USD 5 billion is a 15-year construction/operation investment programme, not one facility capex. No IT MW disclosed; excluded from physical inventory sum/count.",A,False,NaN,2021-12-14,AWS-JAKARTA,undisclosed,NaN,NaN,NaN,NaN,NaN,NaN,NaN
Alibaba Cloud,Jakarta Region,Greater Jakarta,Not disclosed,operational,NaN,NaN,NaN,NaN,NaN,NaN,NaN,NaN,True,NaN,NaN,NaN,DC031,A,"Current region confirmed. First and second data centers built in 2018/2019, third planned for 2021 in historical release. Site-level IT MW undisclosed; hosting operator overlap unknown, so excluded from physical capacity/count.",A,False,NaN,NaN,ALIBABA-JAKARTA,undisclosed,DC032,NaN,NaN,NaN,NaN,NaN,NaN
Google Cloud,asia-southeast2 Jakarta Region,Greater Jakarta,Not disclosed,operational,NaN,NaN,NaN,NaN,NaN,NaN,NaN,NaN,True,NaN,2020-06-24,NaN,DC033,A,"Cloud region operating status confirmed, precise physical power/site locations undisclosed. No assumption of owned versus leased sites; no addition against colocation inventory.",A,False,NaN,2020-06-24,GOOGLE-JAKARTA,undisclosed,NaN,NaN,NaN,NaN,NaN,NaN,NaN
Microsoft,Indonesia Central Region,Indonesia (precise sites undisclosed),Not disclosed,operational,NaN,NaN,NaN,NaN,NaN,NaN,NaN,True,True,1700000000.0,2025-05-27,NaN,DC034,A,"Three availability-zone region live. USD 1.7 billion national cloud/AI investment commitment is not realized, site-specific capex. No IT MW; excluded from physical sum due possible colocation overlap.",A,False,NaN,2025-05-27,MS-INDONESIA-CENTRAL,undisclosed,NaN,NaN,NaN,NaN,NaN,NaN,NaN
Range IDC / Equator Gate System Batam,Equator Gate System AI campus,Batam,Riau Islands,committed,NaN,NaN,NaN,NaN,NaN,NaN,NaN,True,True,5000000000.0,2026-05-26,NaN,DC035,A,"Signed PLN Batam power purchase agreement, but no MW/MVA quantum in inspected government release. Announced USD 5 billion investment spans development; capacity not inferred from investment.",A,True,NaN,NaN,RANGE-EGS,undisclosed,NaN,NaN,NaN,NaN,NaN,NaN,NaN
BW Digital,NDP1,Batam,Riau Islands,planned,NaN,NaN,NaN,120.0,NaN,NaN,NaN,True,True,NaN,NaN,Q4 2025 page target; Q2 2026 newsletter target (unverified),DC036,A,"Current official project page plans 120 MW IT; corporate 2025 newsletter alternatively plans 144 MW IT. Structure topped off 7 October 2025, but commissioned phase MW not verified. Current operator 120 MW plan retained; numerical construction split unknown.",A,True,NaN,NaN,BW-NDP1,IT,DC037,NaN,NaN,NaN,NaN,NaN,NaN
BW Digital,NDP1 alternative corporate design,Batam,Riau Islands,planned,NaN,NaN,NaN,NaN,NaN,60.0,57.0,True,True,NaN,NaN,Q2 2026 (unverified),DC037,A,Corporate newsletter 144 MW IT design differs from current 120 MW project page. Two 60 MVA dual feeds are not additive IT. Alternate whole-campus observation excluded to avoid overlap; expected date does not establish operation.,A,False,144.0,NaN,BW-NDP1-144-OBS,IT,NaN,NaN,2.0,E,0.95,E,S
SOS Limited / Future Digital Trading,Galang Batang AI/cloud campus,Bintan,Riau Islands,potential,NaN,NaN,NaN,NaN,NaN,NaN,NaN,True,True,NaN,2026-09-18,NaN,DC038,A,"Non-binding framework memorandum subject to due diligence, definitive agreements, financing and approvals. Potential 500 MW campus and conditional 50 MW first phase not explicitly IT. At least 60 MW effective power is a proposed target, not contracted operational IT.",A,True,500.0,NaN,SOS-BINTAN,undisclosed,NaN,NaN,NaN,NaN,NaN,NaN,NaN
Gaw Capital / Sinar Primera,Golden Digital Gateway phase1,Batam,Riau Islands,operational,NaN,NaN,NaN,NaN,NaN,NaN,NaN,NaN,True,NaN,NaN,NaN,DC039,A,JLL reports a launched 5.2 MW facility; capacity basis not explicitly IT. Operational IT MW remains missing until primary definition verified.,A,True,5.2,NaN,GDG-P1,undisclosed,NaN,NaN,NaN,NaN,NaN,NaN,NaN
Gaw Capital / Sinar Primera,Golden Digital Gateway phase2,Batam,Riau Islands,planned,NaN,NaN,NaN,NaN,NaN,NaN,NaN,NaN,True,NaN,NaN,NaN,DC039,A,JLL reports 20 MW more planned. Later construction and IT capacity definition not verified.,A,True,20.0,NaN,GDG-P2,undisclosed,NaN,NaN,NaN,NaN,NaN,NaN,NaN
