metric,value,unit,geography,year,capacity_basis,status,source_id,data_class,notes,observation_period,derivation,comparison
operational_it_capacity_mw,322.0,MW,Greater Jakarta,2025,IT,operational,ELEC004,E,H2 2025 industry market estimate. Metropolitan coverage; not an Indonesia national census. Operational capacity does not establish utilization or metered electricity. Planned/UC are not actual load.,2025 H2,NaN,NaN
under_construction_it_capacity_mw,186.0,MW,Greater Jakarta,2025,IT,under_construction,ELEC004,E,H2 2025 industry market estimate. Metropolitan coverage; not an Indonesia national census. Operational capacity does not establish utilization or metered electricity. Planned/UC are not actual load.,2025 H2,NaN,NaN
planned_it_capacity_mw,901.0,MW,Greater Jakarta,2025,IT,planned,ELEC004,E,H2 2025 industry market estimate. Metropolitan coverage; not an Indonesia national census. Operational capacity does not establish utilization or metered electricity. Planned/UC are not actual load.,2025 H2,NaN,NaN
colocation_vacancy_pct,24.9,percent,Greater Jakarta,2025,not applicable,market_estimate,ELEC004,E,Vacancy reported by C&W; cannot equate vacancy with IT equipment utilization.,2025 H2,NaN,NaN
development_pipeline_it_capacity_mw,1699.0,MW,Jakarta,2026,IT,under_construction_plus_planned,ELEC006,E,H1 2026 pipeline includes395MW under construction; pipeline is not operational supply and timing is uncertain.,2026 H1,NaN,NaN
under_construction_it_capacity_mw,395.0,MW,Jakarta,2026,IT,under_construction,ELEC006,E,H1 2026 release reports under-construction capacity; update independently of H2 2025 operational snapshot.,2026 H1,NaN,NaN
planned_it_capacity_mw,1304.0,MW,Jakarta,2026,IT,planned,ELEC006,E,Analyst difference1699MW pipeline-395MW under construction. No commissioning year assigned.,2026 H1,1699 - 395,NaN
reported_datacenter_count,185.0,count,Indonesia,2026,not applicable,reported_current,ELEC005,A,Official ministry statement; covered operators and facility counting method not disclosed.,2026-05-22,NaN,NaN
reported_aggregate_capacity_mw,274.0,MW,Indonesia,2026,not disclosed,reported_current_definition_uncertain,ELEC005,A,"Official statement does not specify IT vs facility power, operational vs installed, or sample. Conflicts with metropolitan C&W estimate; excluded from confirmed IT modeling.",2026-05-22,NaN,NaN
government_capacity_target_lower_bound_mw,2000.0,MW,Indonesia,2029,not disclosed,policy_target,ELEC005,S,"Statement says above2000MW by2029. Value is a lower bound, not an exact forecast or measured demand; IT definition absent.",NaN,NaN,>
pln_sales_forecast_gwh,323044.0,GWh,Indonesia PLN service,2025,"electricity sales, not capacity",official_forecast,ELEC003,S,"RUPTL table5.67 printedV87 / PDF323. PLN-only sales forecast; does not include non-PLN consumption and must not replace national-consumption denominator. Published2025, not revised actual2025.",NaN,NaN,NaN
pln_sales_forecast_gwh,339974.0,GWh,Indonesia PLN service,2026,"electricity sales, not capacity",official_forecast,ELEC003,S,"RUPTL table5.67 printedV87 / PDF323. PLN-only sales forecast; does not include non-PLN consumption and must not replace national-consumption denominator. Published2025, not revised actual2025.",NaN,NaN,NaN
pln_sales_forecast_gwh,360120.0,GWh,Indonesia PLN service,2027,"electricity sales, not capacity",official_forecast,ELEC003,S,"RUPTL table5.67 printedV87 / PDF323. PLN-only sales forecast; does not include non-PLN consumption and must not replace national-consumption denominator. Published2025, not revised actual2025.",NaN,NaN,NaN
pln_sales_forecast_gwh,377709.0,GWh,Indonesia PLN service,2028,"electricity sales, not capacity",official_forecast,ELEC003,S,"RUPTL table5.67 printedV87 / PDF323. PLN-only sales forecast; does not include non-PLN consumption and must not replace national-consumption denominator. Published2025, not revised actual2025.",NaN,NaN,NaN
pln_sales_forecast_gwh,396065.0,GWh,Indonesia PLN service,2029,"electricity sales, not capacity",official_forecast,ELEC003,S,"RUPTL table5.67 printedV87 / PDF323. PLN-only sales forecast; does not include non-PLN consumption and must not replace national-consumption denominator. Published2025, not revised actual2025.",NaN,NaN,NaN
pln_sales_forecast_gwh,416035.0,GWh,Indonesia PLN service,2030,"electricity sales, not capacity",official_forecast,ELEC003,S,"RUPTL table5.67 printedV87 / PDF323. PLN-only sales forecast; does not include non-PLN consumption and must not replace national-consumption denominator. Published2025, not revised actual2025.",NaN,NaN,NaN
pln_sales_forecast_gwh,440337.0,GWh,Indonesia PLN service,2031,"electricity sales, not capacity",official_forecast,ELEC003,S,"RUPTL table5.67 printedV87 / PDF323. PLN-only sales forecast; does not include non-PLN consumption and must not replace national-consumption denominator. Published2025, not revised actual2025.",NaN,NaN,NaN
pln_sales_forecast_gwh,467876.0,GWh,Indonesia PLN service,2032,"electricity sales, not capacity",official_forecast,ELEC003,S,"RUPTL table5.67 printedV87 / PDF323. PLN-only sales forecast; does not include non-PLN consumption and must not replace national-consumption denominator. Published2025, not revised actual2025.",NaN,NaN,NaN
pln_sales_forecast_gwh,491843.0,GWh,Indonesia PLN service,2033,"electricity sales, not capacity",official_forecast,ELEC003,S,"RUPTL table5.67 printedV87 / PDF323. PLN-only sales forecast; does not include non-PLN consumption and must not replace national-consumption denominator. Published2025, not revised actual2025.",NaN,NaN,NaN
pln_sales_forecast_gwh,510575.0,GWh,Indonesia PLN service,2034,"electricity sales, not capacity",official_forecast,ELEC003,S,"RUPTL table5.67 printedV87 / PDF323. PLN-only sales forecast; does not include non-PLN consumption and must not replace national-consumption denominator. Published2025, not revised actual2025.",NaN,NaN,NaN
stt_gdc_connection_potential_mva,450.0,MVA,West Java,2030,apparent electrical connection capacity,planned_connection,ELEC003,S,"RUPTL annexE printedE26 / PDF1227. STTGDCJKT1-1,JKT1-2 ramp27.7MVA2027 to450MVA2030. Connectionpotential, not ITMW or measured power; planned Deltamas switchingstation/transmission.",NaN,NaN,NaN
sinarmas_connection_potential_mva,400.0,MVA,DKI Jakarta,2029,apparent electrical connection capacity,planned_connection,ELEC003,S,"RUPTL annexE printedE25 / PDF1226. SinarMasLand1,2(TT) ramp200MVA2028 to400MVA2029. Plan GI150kVRasunaSaid/Sinarmas and possible275kVGITETSinarmas. Do not combine with ITpipeline.",NaN,NaN,NaN
