case,it_capacity_mw,it_capacity_gw,utilization,pue,wue_l_per_kwh,electricity_tariff_rp_per_kwh,water_tariff_rp_per_m3,it_electricity_mwh,it_electricity_gwh,it_electricity_twh,it_electricity_kwh,facility_electricity_mwh,facility_electricity_gwh,facility_electricity_twh,facility_electricity_kwh,monthly_electricity_gwh,electricity_cost_rp,monthly_electricity_cost_rp,electricity_cost_rp_per_mw_it,average_facility_load_mw,full_it_load_facility_mw,water_liters_per_year,water_million_liters_per_year,water_m3_per_year,water_m3_per_day,water_cost_rp,monthly_water_cost_rp,actual_water_withdrawal_m3,actual_water_consumption_m3,water_metric,total_resource_cost_rp,electricity_cost_share_pct,water_cost_share_pct,source_id,data_class,assumptions_source_ids,notes,driver,driver_value
base,1000,1,0.8,1.1,0.5,996.74,21500,7008000,7008,7.008,7008000000,7708800,7708.8,7.7088,7708800000,642.4,7.683669312e+12,640305776000,7683669312,880,1100,3504000000,3504,3504000,9600,75336000000,6278000000,NaN,NaN,Scenario direct on-site consumption; no observed withdrawals,7.759005312e+12,99.0290508001,0.970949199938,MODEL001,S,ELEC001;ELEC002;WB001;WB008;WB009;WB011;WB016;WB017,Annual steady-state run rate. Energy charges only; water tariff is an explicit local proxy.,pue,1.1
base,1000,1,0.8,1.2,0.5,996.74,21500,7008000,7008,7.008,7008000000,8409600,8409.6,8.4096,8409600000,700.8,8.382184704e+12,698515392000,8382184704,960,1200,3504000000,3504,3504000,9600,75336000000,6278000000,NaN,NaN,Scenario direct on-site consumption; no observed withdrawals,8.457520704e+12,99.1092424998,0.890757500178,MODEL001,S,ELEC001;ELEC002;WB001;WB008;WB009;WB011;WB016;WB017,Annual steady-state run rate. Energy charges only; water tariff is an explicit local proxy.,pue,1.2
base,1000,1,0.8,1.3,0.5,996.74,21500,7008000,7008,7.008,7008000000,9110400,9110.4,9.1104,9110400000,759.2,9.080700096e+12,756725008000,9080700096,1040,1300,3504000000,3504,3504000,9600,75336000000,6278000000,NaN,NaN,Scenario direct on-site consumption; no observed withdrawals,9.156036096e+12,99.1771985255,0.82280147446,MODEL001,S,ELEC001;ELEC002;WB001;WB008;WB009;WB011;WB016;WB017,Annual steady-state run rate. Energy charges only; water tariff is an explicit local proxy.,pue,1.3
base,1000,1,0.8,1.4,0.5,996.74,21500,7008000,7008,7.008,7008000000,9811200,9811.2,9.8112,9811200000,817.6,9.779215488e+12,814934624000,9779215488,1120,1400,3504000000,3504,3504000,9600,75336000000,6278000000,NaN,NaN,Scenario direct on-site consumption; no observed withdrawals,9.854551488e+12,99.2355207633,0.764479236744,MODEL001,S,ELEC001;ELEC002;WB001;WB008;WB009;WB011;WB016;WB017,Annual steady-state run rate. Energy charges only; water tariff is an explicit local proxy.,pue,1.4
base,1000,1,0.8,1.5,0.5,996.74,21500,7008000,7008,7.008,7008000000,10512000,10512,10.512,10512000000,876,1.047773088e+13,873144240000,10477730880,1200,1500,3504000000,3504,3504000,9600,75336000000,6278000000,NaN,NaN,Scenario direct on-site consumption; no observed withdrawals,1.055306688e+13,99.2861222159,0.713877784123,MODEL001,S,ELEC001;ELEC002;WB001;WB008;WB009;WB011;WB016;WB017,Annual steady-state run rate. Energy charges only; water tariff is an explicit local proxy.,pue,1.5
base,1000,1,0.8,1.3,0,996.74,21500,7008000,7008,7.008,7008000000,9110400,9110.4,9.1104,9110400000,759.2,9.080700096e+12,756725008000,9080700096,1040,1300,0,0,0,0,0,0,NaN,NaN,Scenario direct on-site consumption; no observed withdrawals,9.080700096e+12,100,0,MODEL001,S,ELEC001;ELEC002;WB001;WB008;WB009;WB011;WB016;WB017,Annual steady-state run rate. Energy charges only; water tariff is an explicit local proxy.,wue_l_per_kwh,0
base,1000,1,0.8,1.3,0.2,996.74,21500,7008000,7008,7.008,7008000000,9110400,9110.4,9.1104,9110400000,759.2,9.080700096e+12,756725008000,9080700096,1040,1300,1401600000,1401.6,1401600,3840,30134400000,2511200000,NaN,NaN,Scenario direct on-site consumption; no observed withdrawals,9.110834496e+12,99.6692465436,0.330753456374,MODEL001,S,ELEC001;ELEC002;WB001;WB008;WB009;WB011;WB016;WB017,Annual steady-state run rate. Energy charges only; water tariff is an explicit local proxy.,wue_l_per_kwh,0.2
base,1000,1,0.8,1.3,0.5,996.74,21500,7008000,7008,7.008,7008000000,9110400,9110.4,9.1104,9110400000,759.2,9.080700096e+12,756725008000,9080700096,1040,1300,3504000000,3504,3504000,9600,75336000000,6278000000,NaN,NaN,Scenario direct on-site consumption; no observed withdrawals,9.156036096e+12,99.1771985255,0.82280147446,MODEL001,S,ELEC001;ELEC002;WB001;WB008;WB009;WB011;WB016;WB017,Annual steady-state run rate. Energy charges only; water tariff is an explicit local proxy.,wue_l_per_kwh,0.5
base,1000,1,0.8,1.3,1,996.74,21500,7008000,7008,7.008,7008000000,9110400,9110.4,9.1104,9110400000,759.2,9.080700096e+12,756725008000,9080700096,1040,1300,7008000000,7008,7008000,19200,150672000000,12556000000,NaN,NaN,Scenario direct on-site consumption; no observed withdrawals,9.231372096e+12,98.3678265979,1.6321734021,MODEL001,S,ELEC001;ELEC002;WB001;WB008;WB009;WB011;WB016;WB017,Annual steady-state run rate. Energy charges only; water tariff is an explicit local proxy.,wue_l_per_kwh,1
base,1000,1,0.8,1.3,1.5,996.74,21500,7008000,7008,7.008,7008000000,9110400,9110.4,9.1104,9110400000,759.2,9.080700096e+12,756725008000,9080700096,1040,1300,10512000000,10512,10512000,28800,226008000000,18834000000,NaN,NaN,Scenario direct on-site consumption; no observed withdrawals,9.306708096e+12,97.5715580883,2.42844191167,MODEL001,S,ELEC001;ELEC002;WB001;WB008;WB009;WB011;WB016;WB017,Annual steady-state run rate. Energy charges only; water tariff is an explicit local proxy.,wue_l_per_kwh,1.5
base,1000,1,0.6,1.3,0.5,996.74,21500,5256000,5256,5.256,5256000000,6832800,6832.8,6.8328,6832800000,569.4,6.810525072e+12,567543756000,6810525072,780,1300,2628000000,2628,2628000,7200,56502000000,4708500000,NaN,NaN,Scenario direct on-site consumption; no observed withdrawals,6.867027072e+12,99.1771985255,0.82280147446,MODEL001,S,ELEC001;ELEC002;WB001;WB008;WB009;WB011;WB016;WB017,Annual steady-state run rate. Energy charges only; water tariff is an explicit local proxy.,utilization,0.6
base,1000,1,0.7,1.3,0.5,996.74,21500,6132000,6132,6.132,6132000000,7971600,7971.6,7.9716,7971600000,664.3,7.945612584e+12,662134382000,7945612584,910,1300,3066000000,3066,3066000,8400,65919000000,5493250000,NaN,NaN,Scenario direct on-site consumption; no observed withdrawals,8.011531584e+12,99.1771985255,0.82280147446,MODEL001,S,ELEC001;ELEC002;WB001;WB008;WB009;WB011;WB016;WB017,Annual steady-state run rate. Energy charges only; water tariff is an explicit local proxy.,utilization,0.7
base,1000,1,0.8,1.3,0.5,996.74,21500,7008000,7008,7.008,7008000000,9110400,9110.4,9.1104,9110400000,759.2,9.080700096e+12,756725008000,9080700096,1040,1300,3504000000,3504,3504000,9600,75336000000,6278000000,NaN,NaN,Scenario direct on-site consumption; no observed withdrawals,9.156036096e+12,99.1771985255,0.82280147446,MODEL001,S,ELEC001;ELEC002;WB001;WB008;WB009;WB011;WB016;WB017,Annual steady-state run rate. Energy charges only; water tariff is an explicit local proxy.,utilization,0.8
base,1000,1,0.9,1.3,0.5,996.74,21500,7884000,7884,7.884,7884000000,10249200,10249.2,10.2492,10249200000,854.1,1.0215787608e+13,851315634000,10215787608,1170,1300,3942000000,3942,3942000,10800,84753000000,7062750000,NaN,NaN,Scenario direct on-site consumption; no observed withdrawals,1.0300540608e+13,99.1771985255,0.82280147446,MODEL001,S,ELEC001;ELEC002;WB001;WB008;WB009;WB011;WB016;WB017,Annual steady-state run rate. Energy charges only; water tariff is an explicit local proxy.,utilization,0.9
base,1000,1,0.95,1.3,0.5,996.74,21500,8322000,8322,8.322,8322000000,10818600,10818.6,10.8186,10818600000,901.55,1.0783331364e+13,898610947000,10783331364,1235,1300,4161000000,4161,4161000,11400,89461500000,7455125000,NaN,NaN,Scenario direct on-site consumption; no observed withdrawals,1.0872792864e+13,99.1771985255,0.82280147446,MODEL001,S,ELEC001;ELEC002;WB001;WB008;WB009;WB011;WB016;WB017,Annual steady-state run rate. Energy charges only; water tariff is an explicit local proxy.,utilization,0.95
base,1000,1,0.8,1.3,0.5,797.392,21500,7008000,7008,7.008,7008000000,9110400,9110.4,9.1104,9110400000,759.2,7.2645600768e+12,605380006400,7264560076.8,1040,1300,3504000000,3504,3504000,9600,75336000000,6278000000,NaN,NaN,Scenario direct on-site consumption; no observed withdrawals,7.3398960768e+12,98.9736094461,1.02639055392,MODEL001,S,ELEC001;ELEC002;WB001;WB008;WB009;WB011;WB016;WB017,Annual steady-state run rate. Energy charges only; water tariff is an explicit local proxy.,electricity_tariff_multiplier,0.8
base,1000,1,0.8,1.3,0.5,996.74,21500,7008000,7008,7.008,7008000000,9110400,9110.4,9.1104,9110400000,759.2,9.080700096e+12,756725008000,9080700096,1040,1300,3504000000,3504,3504000,9600,75336000000,6278000000,NaN,NaN,Scenario direct on-site consumption; no observed withdrawals,9.156036096e+12,99.1771985255,0.82280147446,MODEL001,S,ELEC001;ELEC002;WB001;WB008;WB009;WB011;WB016;WB017,Annual steady-state run rate. Energy charges only; water tariff is an explicit local proxy.,electricity_tariff_multiplier,1
base,1000,1,0.8,1.3,0.5,1196.088,21500,7008000,7008,7.008,7008000000,9110400,9110.4,9.1104,9110400000,759.2,1.08968401152e+13,908070009600,10896840115.2,1040,1300,3504000000,3504,3504000,9600,75336000000,6278000000,NaN,NaN,Scenario direct on-site consumption; no observed withdrawals,1.09721761152e+13,99.3133905325,0.686609467521,MODEL001,S,ELEC001;ELEC002;WB001;WB008;WB009;WB011;WB016;WB017,Annual steady-state run rate. Energy charges only; water tariff is an explicit local proxy.,electricity_tariff_multiplier,1.2
base,1000,1,0.8,1.3,0.5,996.74,17200,7008000,7008,7.008,7008000000,9110400,9110.4,9.1104,9110400000,759.2,9.080700096e+12,756725008000,9080700096,1040,1300,3504000000,3504,3504000,9600,60268800000,5022400000,NaN,NaN,Scenario direct on-site consumption; no observed withdrawals,9.140968896e+12,99.3406738313,0.659326168656,MODEL001,S,ELEC001;ELEC002;WB001;WB008;WB009;WB011;WB016;WB017,Annual steady-state run rate. Energy charges only; water tariff is an explicit local proxy.,water_tariff_multiplier,0.8
base,1000,1,0.8,1.3,0.5,996.74,21500,7008000,7008,7.008,7008000000,9110400,9110.4,9.1104,9110400000,759.2,9.080700096e+12,756725008000,9080700096,1040,1300,3504000000,3504,3504000,9600,75336000000,6278000000,NaN,NaN,Scenario direct on-site consumption; no observed withdrawals,9.156036096e+12,99.1771985255,0.82280147446,MODEL001,S,ELEC001;ELEC002;WB001;WB008;WB009;WB011;WB016;WB017,Annual steady-state run rate. Energy charges only; water tariff is an explicit local proxy.,water_tariff_multiplier,1
base,1000,1,0.8,1.3,0.5,996.74,25800,7008000,7008,7.008,7008000000,9110400,9110.4,9.1104,9110400000,759.2,9.080700096e+12,756725008000,9080700096,1040,1300,3504000000,3504,3504000,9600,90403200000,7533600000,NaN,NaN,Scenario direct on-site consumption; no observed withdrawals,9.171103296e+12,99.0142603667,0.985739633305,MODEL001,S,ELEC001;ELEC002;WB001;WB008;WB009;WB011;WB016;WB017,Annual steady-state run rate. Energy charges only; water tariff is an explicit local proxy.,water_tariff_multiplier,1.2
