dataset,record_id,metric,value,source_id,data_class
indonesia_electricity,0,year,2020.0,ELEC001,A
indonesia_electricity,0,electricity_generation_twh,291.831,ELEC001,A
indonesia_electricity,0,electricity_consumption_twh,292.953,ELEC001,A
indonesia_electricity,0,pln_sales_twh,243.583,ELEC001,A
indonesia_electricity,0,installed_capacity_gw,72.76677,ELEC001,A
indonesia_electricity,0,peak_demand_gw,41.761,ELEC001,A
indonesia_electricity,0,non_pln_consumption_twh,49.371,ELEC001,A
indonesia_electricity,1,year,2021.0,ELEC001,A
indonesia_electricity,1,electricity_generation_twh,309.076,ELEC001,A
indonesia_electricity,1,electricity_consumption_twh,314.123,ELEC001,A
indonesia_electricity,1,pln_sales_twh,257.634,ELEC001,A
indonesia_electricity,1,installed_capacity_gw,74.55689,ELEC001,A
indonesia_electricity,1,peak_demand_gw,42.785,ELEC001,A
indonesia_electricity,1,non_pln_consumption_twh,56.489,ELEC001,A
indonesia_electricity,2,year,2022.0,ELEC001,A
indonesia_electricity,2,electricity_generation_twh,333.537,ELEC001,A
indonesia_electricity,2,electricity_consumption_twh,340.642,ELEC001,A
indonesia_electricity,2,pln_sales_twh,273.761,ELEC001,A
indonesia_electricity,2,installed_capacity_gw,83.84283,ELEC001,A
indonesia_electricity,2,peak_demand_gw,42.814,ELEC001,A
indonesia_electricity,2,non_pln_consumption_twh,66.881,ELEC001,A
indonesia_electricity,3,year,2023.0,ELEC001,A
indonesia_electricity,3,electricity_generation_twh,350.609,ELEC001,A
indonesia_electricity,3,electricity_consumption_twh,369.722,ELEC001,A
indonesia_electricity,3,pln_sales_twh,288.436,ELEC001,A
indonesia_electricity,3,installed_capacity_gw,91.20303,ELEC001,A
indonesia_electricity,3,peak_demand_gw,58.282,ELEC001,A
indonesia_electricity,3,non_pln_consumption_twh,81.286,ELEC001,A
indonesia_electricity,4,year,2024.0,ELEC001,A
indonesia_electricity,4,electricity_generation_twh,371.572,ELEC001,A
indonesia_electricity,4,electricity_consumption_twh,409.605,ELEC001,A
indonesia_electricity,4,pln_sales_twh,306.219,ELEC001,A
indonesia_electricity,4,installed_capacity_gw,100.64877,ELEC001,A
indonesia_electricity,4,peak_demand_gw,61.288,ELEC001,A
indonesia_electricity,4,non_pln_consumption_twh,103.386,ELEC001,A
indonesia_electricity,5,year,2025.0,ELEC001,A
indonesia_electricity,5,electricity_generation_twh,494.353,ELEC001,A
indonesia_electricity,5,electricity_consumption_twh,455.001,ELEC001,A
indonesia_electricity,5,pln_sales_twh,317.692,ELEC001,A
indonesia_electricity,5,installed_capacity_gw,107.49889,ELEC001,A
indonesia_electricity,5,peak_demand_gw,65.134,ELEC001,A
indonesia_electricity,5,gas_share_pct,14.191073989638983,ELEC001,E
indonesia_electricity,5,hydro_share_pct,6.217419536242321,ELEC001,E
indonesia_electricity,5,geothermal_share_pct,3.5885288447728647,ELEC001,E
indonesia_electricity,5,solar_share_pct,0.30787716469810034,ELEC001,E
indonesia_electricity,5,non_pln_consumption_twh,137.309,ELEC001,A
indonesia_electricity,5,other_renewables_share_pct,5.746905551296341,ELEC001,E
indonesia_electricity,5,steam_share_pct,67.63304764004668,ELEC001,E
indonesia_electricity,5,diesel_share_pct,2.3151472733047034,ELEC001,E
electricity_tariffs,0,tariff_rp_per_kwh,1035.78,ELEC002,A
electricity_tariffs,0,minimum_connection_kva,200.0,ELEC002,A
electricity_tariffs,0,peak_multiplier_min,1.4,ELEC002,A
electricity_tariffs,0,peak_multiplier_max,2.0,ELEC002,A
electricity_tariffs,0,reactive_tariff_rp_per_kvarh,1114.74,ELEC002,A
electricity_tariffs,1,minimum_connection_kva,200.0,ELEC002,A
electricity_tariffs,1,peak_multiplier_min,1.4,ELEC002,A
electricity_tariffs,1,peak_multiplier_max,2.0,ELEC002,A
electricity_tariffs,1,reactive_tariff_rp_per_kvarh,1114.74,ELEC002,A
electricity_tariffs,2,tariff_rp_per_kwh,1035.78,ELEC002,A
electricity_tariffs,2,minimum_connection_kva,200.0,ELEC002,A
electricity_tariffs,2,peak_multiplier_min,1.4,ELEC002,A
electricity_tariffs,2,peak_multiplier_max,2.0,ELEC002,A
electricity_tariffs,2,reactive_tariff_rp_per_kvarh,1114.74,ELEC002,A
electricity_tariffs,3,minimum_connection_kva,200.0,ELEC002,A
electricity_tariffs,3,peak_multiplier_min,1.4,ELEC002,A
electricity_tariffs,3,peak_multiplier_max,2.0,ELEC002,A
electricity_tariffs,3,reactive_tariff_rp_per_kvarh,1114.74,ELEC002,A
electricity_tariffs,4,tariff_rp_per_kwh,996.74,ELEC002,A
electricity_tariffs,4,minimum_connection_kva,30000.0,ELEC002,A
electricity_tariffs,4,peak_multiplier_min,1.0,ELEC002,A
electricity_tariffs,4,peak_multiplier_max,1.0,ELEC002,A
electricity_tariffs,4,reactive_tariff_rp_per_kvarh,996.74,ELEC002,A
market_anchors,0,value,322.0,ELEC004,E
market_anchors,0,year,2025.0,ELEC004,E
market_anchors,1,value,186.0,ELEC004,E
market_anchors,1,year,2025.0,ELEC004,E
market_anchors,2,value,901.0,ELEC004,E
market_anchors,2,year,2025.0,ELEC004,E
market_anchors,3,value,24.9,ELEC004,E
market_anchors,3,year,2025.0,ELEC004,E
market_anchors,4,value,1699.0,ELEC006,E
market_anchors,4,year,2026.0,ELEC006,E
market_anchors,5,value,395.0,ELEC006,E
market_anchors,5,year,2026.0,ELEC006,E
market_anchors,6,value,1304.0,ELEC006,E
market_anchors,6,year,2026.0,ELEC006,E
market_anchors,7,value,185.0,ELEC005,A
market_anchors,7,year,2026.0,ELEC005,A
market_anchors,8,value,274.0,ELEC005,A
market_anchors,8,year,2026.0,ELEC005,A
market_anchors,9,value,2000.0,ELEC005,S
market_anchors,9,year,2029.0,ELEC005,S
market_anchors,10,value,323044.0,ELEC003,S
market_anchors,10,year,2025.0,ELEC003,S
market_anchors,11,value,339974.0,ELEC003,S
market_anchors,11,year,2026.0,ELEC003,S
market_anchors,12,value,360120.0,ELEC003,S
market_anchors,12,year,2027.0,ELEC003,S
market_anchors,13,value,377709.0,ELEC003,S
market_anchors,13,year,2028.0,ELEC003,S
market_anchors,14,value,396065.0,ELEC003,S
market_anchors,14,year,2029.0,ELEC003,S
market_anchors,15,value,416035.0,ELEC003,S
market_anchors,15,year,2030.0,ELEC003,S
market_anchors,16,value,440337.0,ELEC003,S
market_anchors,16,year,2031.0,ELEC003,S
market_anchors,17,value,467876.0,ELEC003,S
market_anchors,17,year,2032.0,ELEC003,S
market_anchors,18,value,491843.0,ELEC003,S
market_anchors,18,year,2033.0,ELEC003,S
market_anchors,19,value,510575.0,ELEC003,S
market_anchors,19,year,2034.0,ELEC003,S
market_anchors,20,value,450.0,ELEC003,S
market_anchors,20,year,2030.0,ELEC003,S
market_anchors,21,value,400.0,ELEC003,S
market_anchors,21,year,2029.0,ELEC003,S
datacenter_projects,DCI-H1,operational_mw,75.0,DC001,A
datacenter_projects,DCI-H2,operational_mw,30.0,DC001,A
datacenter_projects,DCI-E1,operational_mw,19.0,DC001,A
datacenter_projects,DCI-E2,operational_mw,9.0,DC001,A
datacenter_projects,DCI-H5,planned_mw,1000.0,DC001,A
datacenter_projects,DCI-H1-POT,potential_mw,225.0,DC001,E
datacenter_projects,DCI-H2-POT,potential_mw,570.0,DC001,E
datacenter_projects,DCI-H1-JK6-OBS,reported_capacity_mw,36.0,DC002,A
datacenter_projects,DCI-H2-2023-OBS,reported_capacity_mw,27.0,DC003,A
datacenter_projects,BDX-CGK1,operational_mw,8.0,DC004,A
datacenter_projects,BDX-CGK2,operational_mw,3.4,DC005,A
datacenter_projects,BDX-CGK3A,operational_mw,26.0,DC006,A
datacenter_projects,BDX-CGK3A,power_connection_mva,60.0,DC006,A
datacenter_projects,BDX-CGK3A,power_connection_mw,57.0,DC006,E
datacenter_projects,BDX-CGK3A,conversion_power_factor,0.95,DC006,S
datacenter_projects,BDX-CGK4-B1,under_construction_mw,120.0,DC008,A
datacenter_projects,BDX-CGK4-CAMPUS-OBS,power_connection_mva,845.0,DC007,A
datacenter_projects,BDX-CGK4-CAMPUS-OBS,power_connection_mw,802.75,DC007,E
datacenter_projects,BDX-CGK4-CAMPUS-OBS,reported_capacity_mw,640.0,DC007,A
datacenter_projects,BDX-CGK4-CAMPUS-OBS,conversion_power_factor,0.95,DC007,S
datacenter_projects,BDX-CGK4-500-OBS,reported_capacity_mw,500.0,DC009,A
datacenter_projects,BDX-CGK5,committed_mw,290.0,DC010,A
datacenter_projects,BDX-CGK5,power_connection_mva,385.0,DC010,A
datacenter_projects,BDX-CGK5,power_connection_mw,365.75,DC010,E
datacenter_projects,BDX-CGK5,conversion_power_factor,0.95,DC010,S
datacenter_projects,DAYONE-NDP,reported_capacity_mw,34.0,DC012,A
datacenter_projects,DAYONE-NDP-72-OBS,reported_capacity_mw,72.0,DC011,A
datacenter_projects,DAYONE-KABIL,power_connection_mva,511.0,DC013,A
datacenter_projects,DAYONE-KABIL,power_connection_mw,450.0,DC013,A
datacenter_projects,EDGNEX-CIKARANG,investment_usd,2300000000.0,DC014,A
datacenter_projects,EDGNEX-CIKARANG,reported_capacity_mw,144.0,DC014,A
datacenter_projects,EDGNEX-MTH,reported_capacity_mw,19.2,DC014,A
datacenter_projects,NEUTRA-CIKARANG,operational_mw,10.0,DC016,A
datacenter_projects,NEUTRA-CIKARANG-EXP,under_construction_mw,18.0,DC016,A
datacenter_projects,NEUTRA-3S,operational_mw,17.0,DC016,A
datacenter_projects,NEUTRA-BTM1,under_construction_mw,18.0,DC017,A
datacenter_projects,NEUTRA-BTM1,power_connection_mva,90.0,DC017,A
datacenter_projects,NEUTRA-BTM1,power_connection_mw,85.5,DC017,E
datacenter_projects,NEUTRA-BTM1,conversion_power_factor,0.95,DC017,S
datacenter_projects,NTT-JKT3-P1,operational_mw,15.2,DC020,A
datacenter_projects,NTT-JKT3-ULT-OBS,reported_capacity_mw,45.6,DC021,A
datacenter_projects,NTT-JKT2,reported_capacity_mw,12.0,DC022,A
datacenter_projects,STT-JKT1,operational_mw,18.0,DC023,A
datacenter_projects,STT-JKT2,operational_mw,24.0,DC024,A
datacenter_projects,STT-JKT3,under_construction_mw,24.0,DC023,A
datacenter_projects,STT-JKT4,planned_mw,48.0,DC023,A
datacenter_projects,STT-JKT5,under_construction_mw,40.0,DC024,A
datacenter_projects,STT-JKT6,under_construction_mw,40.0,DC024,A
datacenter_projects,STT-JKT7,planned_mw,60.0,DC023,A
datacenter_projects,STT-JKT8,planned_mw,60.0,DC023,A
datacenter_projects,STT-JKT9,planned_mw,60.0,DC023,A
datacenter_projects,STT-JKT1-2023-OBS,reported_capacity_mw,19.5,DC025,A
datacenter_projects,EDGE1,operational_mw,6.0,DC026,A
datacenter_projects,EDGE2,operational_mw,23.0,DC026,A
datacenter_projects,EDGE-CGK-PLANNED,planned_mw,500.0,DC044,A
datacenter_projects,EDGE-CGK-PLANNED,power_connection_mva,725.0,DC044,A
datacenter_projects,EDGE-CGK-PLANNED,power_connection_mw,688.75,DC044,E
datacenter_projects,EDGE-CGK-PLANNED,investment_usd,4500000000.0,DC044,A
datacenter_projects,EDGE-CGK-PLANNED,reported_power_connection_mw,1450.0,DC044,A
datacenter_projects,EDGE-CGK-PLANNED,connection_feed_count,2.0,DC044,A
datacenter_projects,EDGE-CGK-PLANNED,conversion_power_factor,0.95,DC044,S
datacenter_projects,EDGE-CGK-POT,potential_mw,500.0,DC044,E
datacenter_projects,PDG-JC12,reported_capacity_mw,26.0,DC040,A
datacenter_projects,PDG-JC2-OBS,reported_capacity_mw,22.0,DC041,A
datacenter_projects,PDG-JC3,investment_usd,1000000000.0,DC042,A
datacenter_projects,PDG-JC3,reported_capacity_mw,120.0,DC042,A
datacenter_projects,PDG-JC4,reported_capacity_mw,240.0,DC043,A
datacenter_projects,AWS-JAKARTA,investment_usd,5000000000.0,DC030,A
datacenter_projects,MS-INDONESIA-CENTRAL,investment_usd,1700000000.0,DC034,A
datacenter_projects,RANGE-EGS,investment_usd,5000000000.0,DC035,A
datacenter_projects,BW-NDP1,planned_mw,120.0,DC036,A
datacenter_projects,BW-NDP1-144-OBS,power_connection_mva,60.0,DC037,A
datacenter_projects,BW-NDP1-144-OBS,power_connection_mw,57.0,DC037,E
datacenter_projects,BW-NDP1-144-OBS,reported_capacity_mw,144.0,DC037,A
datacenter_projects,BW-NDP1-144-OBS,connection_feed_count,2.0,DC037,A
datacenter_projects,BW-NDP1-144-OBS,conversion_power_factor,0.95,DC037,S
datacenter_projects,SOS-BINTAN,reported_capacity_mw,500.0,DC038,A
datacenter_projects,GDG-P1,reported_capacity_mw,5.2,DC039,A
datacenter_projects,GDG-P2,reported_capacity_mw,20.0,DC039,A
water_tariffs,0,tariff_rp_per_m3,4900.0,WB001,A
water_tariffs,0,band_min_m3,0.0,WB001,A
water_tariffs,0,band_max_m3,10.0,WB001,A
water_tariffs,1,tariff_rp_per_m3,9500.0,WB001,A
water_tariffs,1,band_min_m3,11.0,WB001,A
water_tariffs,1,band_max_m3,20.0,WB001,A
water_tariffs,2,tariff_rp_per_m3,12500.0,WB001,A
water_tariffs,2,band_min_m3,21.0,WB001,A
water_tariffs,3,tariff_rp_per_m3,6825.0,WB001,A
water_tariffs,3,band_min_m3,0.0,WB001,A
water_tariffs,3,band_max_m3,10.0,WB001,A
water_tariffs,4,tariff_rp_per_m3,12500.0,WB001,A
water_tariffs,4,band_min_m3,11.0,WB001,A
water_tariffs,4,band_max_m3,20.0,WB001,A
water_tariffs,5,tariff_rp_per_m3,17500.0,WB001,A
water_tariffs,5,band_min_m3,21.0,WB001,A
water_tariffs,6,tariff_rp_per_m3,12550.0,WB001,A
water_tariffs,6,band_min_m3,0.0,WB001,A
water_tariffs,6,band_max_m3,10.0,WB001,A
water_tariffs,7,tariff_rp_per_m3,17500.0,WB001,A
water_tariffs,7,band_min_m3,11.0,WB001,A
water_tariffs,7,band_max_m3,20.0,WB001,A
water_tariffs,8,tariff_rp_per_m3,21500.0,WB001,A
water_tariffs,8,band_min_m3,21.0,WB001,A
water_tariffs,10,tariff_rp_per_m3,10000.0,WB003,A
water_tariffs,10,band_min_m3,0.0,WB003,A
water_tariffs,10,band_max_m3,10.0,WB003,A
water_tariffs,11,tariff_rp_per_m3,10000.0,WB003,A
water_tariffs,11,band_min_m3,11.0,WB003,A
water_tariffs,11,band_max_m3,20.0,WB003,A
water_tariffs,12,tariff_rp_per_m3,10000.0,WB003,A
water_tariffs,12,band_min_m3,21.0,WB003,A
water_tariffs,12,band_max_m3,30.0,WB003,A
water_tariffs,13,tariff_rp_per_m3,10000.0,WB003,A
water_tariffs,13,band_min_m3,31.0,WB003,A
water_tariffs,13,band_max_m3,40.0,WB003,A
water_tariffs,14,tariff_rp_per_m3,10000.0,WB003,A
water_tariffs,14,band_min_m3,41.0,WB003,A
water_tariffs,15,tariff_rp_per_m3,10500.0,WB003,A
water_tariffs,15,band_min_m3,0.0,WB003,A
water_tariffs,15,band_max_m3,10.0,WB003,A
water_tariffs,16,tariff_rp_per_m3,10500.0,WB003,A
water_tariffs,16,band_min_m3,11.0,WB003,A
water_tariffs,16,band_max_m3,20.0,WB003,A
water_tariffs,17,tariff_rp_per_m3,10500.0,WB003,A
water_tariffs,17,band_min_m3,21.0,WB003,A
water_tariffs,17,band_max_m3,30.0,WB003,A
water_tariffs,18,tariff_rp_per_m3,10500.0,WB003,A
water_tariffs,18,band_min_m3,31.0,WB003,A
water_tariffs,18,band_max_m3,40.0,WB003,A
water_tariffs,19,tariff_rp_per_m3,10500.0,WB003,A
water_tariffs,19,band_min_m3,41.0,WB003,A
water_tariffs,20,tariff_rp_per_m3,12000.0,WB003,A
water_tariffs,20,band_min_m3,0.0,WB003,A
water_tariffs,20,band_max_m3,10.0,WB003,A
water_tariffs,21,tariff_rp_per_m3,12000.0,WB003,A
water_tariffs,21,band_min_m3,11.0,WB003,A
water_tariffs,21,band_max_m3,20.0,WB003,A
water_tariffs,22,tariff_rp_per_m3,12000.0,WB003,A
water_tariffs,22,band_min_m3,21.0,WB003,A
water_tariffs,22,band_max_m3,30.0,WB003,A
water_tariffs,23,tariff_rp_per_m3,12000.0,WB003,A
water_tariffs,23,band_min_m3,31.0,WB003,A
water_tariffs,23,band_max_m3,40.0,WB003,A
water_tariffs,24,tariff_rp_per_m3,12000.0,WB003,A
water_tariffs,24,band_min_m3,41.0,WB003,A
water_tariffs,25,tariff_rp_per_m3,13000.0,WB003,A
water_tariffs,25,band_min_m3,0.0,WB003,A
water_tariffs,25,band_max_m3,10.0,WB003,A
water_tariffs,26,tariff_rp_per_m3,13000.0,WB003,A
water_tariffs,26,band_min_m3,11.0,WB003,A
water_tariffs,26,band_max_m3,20.0,WB003,A
water_tariffs,27,tariff_rp_per_m3,13000.0,WB003,A
water_tariffs,27,band_min_m3,21.0,WB003,A
water_tariffs,27,band_max_m3,30.0,WB003,A
water_tariffs,28,tariff_rp_per_m3,13000.0,WB003,A
water_tariffs,28,band_min_m3,31.0,WB003,A
water_tariffs,28,band_max_m3,40.0,WB003,A
water_tariffs,29,tariff_rp_per_m3,13000.0,WB003,A
water_tariffs,29,band_min_m3,41.0,WB003,A
water_tariffs,30,tariff_rp_per_m3,7350.0,WB003,A
water_tariffs,30,band_min_m3,0.0,WB003,A
water_tariffs,30,band_max_m3,10.0,WB003,A
water_tariffs,31,tariff_rp_per_m3,8700.0,WB003,A
water_tariffs,31,band_min_m3,11.0,WB003,A
water_tariffs,31,band_max_m3,20.0,WB003,A
water_tariffs,32,tariff_rp_per_m3,10000.0,WB003,A
water_tariffs,32,band_min_m3,21.0,WB003,A
water_tariffs,32,band_max_m3,30.0,WB003,A
water_tariffs,33,tariff_rp_per_m3,12500.0,WB003,A
water_tariffs,33,band_min_m3,31.0,WB003,A
water_tariffs,33,band_max_m3,40.0,WB003,A
water_tariffs,34,tariff_rp_per_m3,13500.0,WB003,A
water_tariffs,34,band_min_m3,41.0,WB003,A
water_tariffs,35,reported_range_low_rp_per_m3,12132.0,WB004,A
water_tariffs,35,reported_range_high_rp_per_m3,16984.0,WB004,A
climate,0,year,2024.0,WB006,A
climate,0,month,1.0,WB006,A
climate,0,avg_temperature_c,27.0,WB006,A
climate,0,avg_relative_humidity_pct,86.0,WB006,A
climate,0,rainfall_mm,453.5,WB006,A
climate,1,year,2024.0,WB006,A
climate,1,month,2.0,WB006,A
climate,1,avg_temperature_c,28.2,WB006,A
climate,1,avg_relative_humidity_pct,80.0,WB006,A
climate,1,rainfall_mm,163.6,WB006,A
climate,2,year,2024.0,WB006,A
climate,2,month,3.0,WB006,A
climate,2,avg_temperature_c,28.8,WB006,A
climate,2,avg_relative_humidity_pct,79.0,WB006,A
climate,2,rainfall_mm,220.5,WB006,A
climate,3,year,2024.0,WB006,A
climate,3,month,4.0,WB006,A
climate,3,avg_temperature_c,28.9,WB006,A
climate,3,avg_relative_humidity_pct,82.1,WB006,A
climate,3,rainfall_mm,209.7,WB006,A
climate,4,year,2024.0,WB006,A
climate,4,month,5.0,WB006,A
climate,4,avg_temperature_c,28.2,WB006,A
climate,4,avg_relative_humidity_pct,87.3,WB006,A
climate,4,rainfall_mm,363.6,WB006,A
climate,5,year,2024.0,WB006,A
climate,5,month,6.0,WB006,A
climate,5,avg_temperature_c,27.9,WB006,A
climate,5,avg_relative_humidity_pct,85.5,WB006,A
climate,5,rainfall_mm,271.7,WB006,A
climate,6,year,2024.0,WB006,A
climate,6,month,7.0,WB006,A
climate,6,avg_temperature_c,28.7,WB006,A
climate,6,avg_relative_humidity_pct,81.0,WB006,A
climate,6,rainfall_mm,101.3,WB006,A
climate,7,year,2024.0,WB006,A
climate,7,month,8.0,WB006,A
climate,7,avg_temperature_c,27.9,WB006,A
climate,7,avg_relative_humidity_pct,83.7,WB006,A
climate,7,rainfall_mm,253.2,WB006,A
climate,8,year,2024.0,WB006,A
climate,8,month,9.0,WB006,A
climate,8,avg_temperature_c,28.0,WB006,A
climate,8,avg_relative_humidity_pct,84.0,WB006,A
climate,8,rainfall_mm,239.8,WB006,A
climate,9,year,2024.0,WB006,A
climate,9,month,10.0,WB006,A
climate,9,avg_temperature_c,28.1,WB006,A
climate,9,avg_relative_humidity_pct,84.3,WB006,A
climate,9,rainfall_mm,130.6,WB006,A
climate,10,year,2024.0,WB006,A
climate,10,month,11.0,WB006,A
climate,10,avg_temperature_c,27.5,WB006,A
climate,10,avg_relative_humidity_pct,86.6,WB006,A
climate,10,rainfall_mm,296.4,WB006,A
climate,11,year,2024.0,WB006,A
climate,11,month,12.0,WB006,A
climate,11,avg_temperature_c,28.1,WB006,A
climate,11,avg_relative_humidity_pct,80.3,WB006,A
climate,11,rainfall_mm,160.4,WB006,A
climate,12,year,2024.0,WB007,A
climate,12,month,1.0,WB007,A
climate,12,avg_temperature_c,28.45,WB007,A
climate,12,avg_relative_humidity_pct,79.72,WB007,A
climate,12,rainfall_mm,311.6,WB007,A
climate,13,year,2024.0,WB007,A
climate,13,month,2.0,WB007,A
climate,13,avg_temperature_c,28.33,WB007,A
climate,13,avg_relative_humidity_pct,81.75,WB007,A
climate,13,rainfall_mm,500.5,WB007,A
climate,14,year,2024.0,WB007,A
climate,14,month,3.0,WB007,A
climate,14,avg_temperature_c,28.41,WB007,A
climate,14,avg_relative_humidity_pct,81.09,WB007,A
climate,14,rainfall_mm,314.3,WB007,A
climate,15,year,2024.0,WB007,A
climate,15,month,4.0,WB007,A
climate,15,avg_temperature_c,29.43,WB007,A
climate,15,avg_relative_humidity_pct,78.65,WB007,A
climate,15,rainfall_mm,120.8,WB007,A
climate,16,year,2024.0,WB007,A
climate,16,month,5.0,WB007,A
climate,16,avg_temperature_c,30.13,WB007,A
climate,16,avg_relative_humidity_pct,74.23,WB007,A
climate,16,rainfall_mm,34.1,WB007,A
climate,17,year,2024.0,WB007,A
climate,17,month,6.0,WB007,A
climate,17,avg_temperature_c,29.12,WB007,A
climate,17,avg_relative_humidity_pct,77.03,WB007,A
climate,17,rainfall_mm,109.5,WB007,A
climate,18,year,2024.0,WB007,A
climate,18,month,7.0,WB007,A
climate,18,avg_temperature_c,27.96,WB007,A
climate,18,avg_relative_humidity_pct,76.98,WB007,A
climate,18,rainfall_mm,137.8,WB007,A
climate,19,year,2024.0,WB007,A
climate,19,month,8.0,WB007,A
climate,19,avg_temperature_c,29.02,WB007,A
climate,19,avg_relative_humidity_pct,70.54,WB007,A
climate,19,rainfall_mm,7.6,WB007,A
climate,20,year,2024.0,WB007,A
climate,20,month,9.0,WB007,A
climate,20,avg_temperature_c,29.14,WB007,A
climate,20,avg_relative_humidity_pct,71.53,WB007,A
climate,20,rainfall_mm,172.5,WB007,A
climate,21,year,2024.0,WB007,A
climate,21,month,10.0,WB007,A
climate,21,avg_temperature_c,30.07,WB007,A
climate,21,avg_relative_humidity_pct,68.85,WB007,A
climate,21,rainfall_mm,61.4,WB007,A
climate,22,year,2024.0,WB007,A
climate,22,month,11.0,WB007,A
climate,22,avg_temperature_c,29.21,WB007,A
climate,22,avg_relative_humidity_pct,75.42,WB007,A
climate,22,rainfall_mm,150.4,WB007,A
climate,23,year,2024.0,WB007,A
climate,23,month,12.0,WB007,A
climate,23,avg_temperature_c,28.42,WB007,A
climate,23,avg_relative_humidity_pct,78.44,WB007,A
climate,23,rainfall_mm,338.7,WB007,A
climate,24,year,2024.0,WB018,A
climate,25,year,2024.0,WB018,A
climate,26,year,2024.0,WB018,A
pue_benchmarks,0,pue,1.7,WB008,S
pue_benchmarks,1,pue,1.25,WB008,S
pue_benchmarks,2,pue,1.24,WB009,S
pue_benchmarks,2,year,2024.0,WB009,S
pue_benchmarks,3,pue,1.25,WB010,S
pue_benchmarks,3,year,2025.0,WB010,S
pue_benchmarks,4,pue,1.95,WB011,A
pue_benchmarks,4,year,2021.0,WB011,A
pue_benchmarks,5,pue,1.79,WB011,A
pue_benchmarks,5,year,2021.0,WB011,A
pue_benchmarks,6,pue,1.83,WB011,A
pue_benchmarks,6,year,2021.0,WB011,A
pue_benchmarks,7,pue,1.79,WB011,A
pue_benchmarks,7,year,2021.0,WB011,A
pue_benchmarks,8,pue,1.83,WB011,A
pue_benchmarks,8,year,2021.0,WB011,A
pue_benchmarks,9,pue,1.4,WB012,S
pue_benchmarks,9,year,2022.0,WB012,S
pue_benchmarks,10,pue,1.16,WB013,B
pue_benchmarks,10,year,2024.0,WB013,B
pue_benchmarks,11,pue,1.25,WB013,B
pue_benchmarks,11,year,2024.0,WB013,B
pue_benchmarks,12,pue,1.17,WB013,B
pue_benchmarks,12,year,2025.0,WB013,B
pue_benchmarks,13,pue,1.28,WB013,B
pue_benchmarks,13,year,2025.0,WB013,B
pue_benchmarks,14,pue,1.15,WB014,B
pue_benchmarks,14,year,2024.0,WB014,B
pue_benchmarks,15,pue,1.14,WB014,B
pue_benchmarks,15,year,2025.0,WB014,B
wue_benchmarks,0,reported_wue_value,1.082,WB008,S
wue_benchmarks,1,reported_wue_value,1.082,WB008,S
wue_benchmarks,2,wue_l_per_kwh,0.3,WB013,B
wue_benchmarks,2,year,2024.0,WB013,B
wue_benchmarks,2,source_year,2024.0,WB013,B
wue_benchmarks,3,wue_l_per_kwh,0.03,WB013,B
wue_benchmarks,3,year,2024.0,WB013,B
wue_benchmarks,3,source_year,2024.0,WB013,B
wue_benchmarks,4,wue_l_per_kwh,0.27,WB013,B
wue_benchmarks,4,year,2025.0,WB013,B
wue_benchmarks,4,source_year,2025.0,WB013,B
wue_benchmarks,5,wue_l_per_kwh,0.25,WB013,B
wue_benchmarks,5,year,2025.0,WB013,B
wue_benchmarks,5,source_year,2025.0,WB013,B
wue_benchmarks,6,wue_l_per_kwh,0.15,WB014,B
wue_benchmarks,6,year,2024.0,WB014,B
wue_benchmarks,6,source_year,2024.0,WB014,B
wue_benchmarks,7,wue_l_per_kwh,0.12,WB014,B
wue_benchmarks,7,year,2025.0,WB014,B
wue_benchmarks,7,source_year,2025.0,WB014,B
wue_benchmarks,8,wue_l_per_kwh,1.15,WB016,B
wue_benchmarks,8,year,2023.0,WB016,B
wue_benchmarks,8,source_year,2023.0,WB016,B
wue_benchmarks,9,wue_l_per_kwh,1.15,WB016,B
wue_benchmarks,9,year,2024.0,WB016,B
wue_benchmarks,9,source_year,2024.0,WB016,B
wue_benchmarks,10,wue_l_per_kwh,0.36,WB017,B
wue_benchmarks,10,year,2023.0,WB017,B
wue_benchmarks,10,source_year,2023.0,WB017,B
wue_benchmarks,11,wue_l_per_kwh,0.45,WB017,B
wue_benchmarks,11,source_year,2024.0,WB017,B
wue_benchmarks,11,forecast_start_year,2024.0,WB017,B
wue_benchmarks,11,forecast_end_year,2028.0,WB017,B
wue_benchmarks,12,wue_l_per_kwh,0.48,WB017,B
wue_benchmarks,12,source_year,2024.0,WB017,B
wue_benchmarks,12,forecast_start_year,2024.0,WB017,B
wue_benchmarks,12,forecast_end_year,2028.0,WB017,B
ai_hardware,0,tdp_watts,700.0,WB019,B
ai_hardware,1,tdp_watts,700.0,WB020,B
ai_hardware,2,tdp_watts,600.0,WB020,B
ai_hardware,3,server_max_power_kw,10.2,WB021,B
ai_hardware,3,gpu_count,8.0,WB021,B
ai_hardware,4,tdp_watts,1000.0,WB023,B
ai_hardware,5,server_max_power_kw,14.3,WB022,B
ai_hardware,5,gpu_count,8.0,WB022,B
ai_hardware,6,tdp_watts,1100.0,WB023,B
ai_hardware,7,server_max_power_kw,15.0,WB024,B
ai_hardware,7,gpu_count,8.0,WB024,B
ai_hardware,7,listed_system_power_kw,14.5,WB024,B
ai_hardware,8,rack_density_kw,120.0,WB025,B
ai_hardware,8,gpu_count,72.0,WB025,B
ai_hardware,8,cpu_count,36.0,WB025,B
ai_hardware,8,rated_rack_power_kw,120.0,WB025,B
ai_hardware,9,tdp_watts,1400.0,WB027,B
