location,provider,customer_category,consumption_band,tariff_rp_per_m3,effective_date,source_id,data_class,notes,band_min_m3,band_max_m3,tariff_status,secondary_source_id,source_locator,reported_range_low_rp_per_m3,reported_range_high_rp_per_m3
Jakarta,PAM JAYA,K III Niaga/Industri Kecil,0-10 m3/month,4900.0,2025-01-01,WB001,A,Published local marginal block tariff; monthly progressive bands. Effective date corroborated by WB002. Customer classification and meter fees/taxes require site verification.,0.0,10.0,effective_date_verified_contract_unverified,WB002,"PDF p2 (index1), KelompokKIII or Khusus; monthly fees on p1",NaN,NaN
Jakarta,PAM JAYA,K III Niaga/Industri Kecil,11-20 m3/month,9500.0,2025-01-01,WB001,A,Published local marginal block tariff; monthly progressive bands. Effective date corroborated by WB002. Customer classification and meter fees/taxes require site verification.,11.0,20.0,effective_date_verified_contract_unverified,WB002,"PDF p2 (index1), KelompokKIII or Khusus; monthly fees on p1",NaN,NaN
Jakarta,PAM JAYA,K III Niaga/Industri Kecil,>20 m3/month,12500.0,2025-01-01,WB001,A,Published local marginal block tariff; monthly progressive bands. Effective date corroborated by WB002. Customer classification and meter fees/taxes require site verification.,21.0,NaN,effective_date_verified_contract_unverified,WB002,"PDF p2 (index1), KelompokKIII or Khusus; monthly fees on p1",NaN,NaN
Jakarta,PAM JAYA,K III Niaga/Industri Menengah,0-10 m3/month,6825.0,2025-01-01,WB001,A,Published local marginal block tariff; monthly progressive bands. Effective date corroborated by WB002. Customer classification and meter fees/taxes require site verification.,0.0,10.0,effective_date_verified_contract_unverified,WB002,"PDF p2 (index1), KelompokKIII or Khusus; monthly fees on p1",NaN,NaN
Jakarta,PAM JAYA,K III Niaga/Industri Menengah,11-20 m3/month,12500.0,2025-01-01,WB001,A,Published local marginal block tariff; monthly progressive bands. Effective date corroborated by WB002. Customer classification and meter fees/taxes require site verification.,11.0,20.0,effective_date_verified_contract_unverified,WB002,"PDF p2 (index1), KelompokKIII or Khusus; monthly fees on p1",NaN,NaN
Jakarta,PAM JAYA,K III Niaga/Industri Menengah,>20 m3/month,17500.0,2025-01-01,WB001,A,Published local marginal block tariff; monthly progressive bands. Effective date corroborated by WB002. Customer classification and meter fees/taxes require site verification.,21.0,NaN,effective_date_verified_contract_unverified,WB002,"PDF p2 (index1), KelompokKIII or Khusus; monthly fees on p1",NaN,NaN
Jakarta,PAM JAYA,K III Niaga/Industri Besar,0-10 m3/month,12550.0,2025-01-01,WB001,A,Published local marginal block tariff; monthly progressive bands. Effective date corroborated by WB002. Customer classification and meter fees/taxes require site verification.,0.0,10.0,effective_date_verified_contract_unverified,WB002,"PDF p2 (index1), KelompokKIII or Khusus; monthly fees on p1",NaN,NaN
Jakarta,PAM JAYA,K III Niaga/Industri Besar,11-20 m3/month,17500.0,2025-01-01,WB001,A,Published local marginal block tariff; monthly progressive bands. Effective date corroborated by WB002. Customer classification and meter fees/taxes require site verification.,11.0,20.0,effective_date_verified_contract_unverified,WB002,"PDF p2 (index1), KelompokKIII or Khusus; monthly fees on p1",NaN,NaN
Jakarta,PAM JAYA,K III Niaga/Industri Besar,>20 m3/month,21500.0,2025-01-01,WB001,A,Published local marginal block tariff; monthly progressive bands. Effective date corroborated by WB002. Customer classification and meter fees/taxes require site verification.,21.0,NaN,effective_date_verified_contract_unverified,WB002,"PDF p2 (index1), KelompokKIII or Khusus; monthly fees on p1",NaN,NaN
Jakarta,PAM JAYA,Kelompok Khusus Kesepakatan Komersial,Commercial agreement,NaN,2025-01-01,WB001,A,Negotiated rate; source says at least full tariff. No numeric agreement rate published.,NaN,NaN,negotiated_rate_not_disclosed,NaN,"PDF p2 (index1), KelompokKIII or Khusus; monthly fees on p1",NaN,NaN
Batam,Air Batam Hilir / BP Batam,4A Industri Kecil,0-10 m3/month,10000.0,NaN,WB003,A,Historical official table posted2021-02-24 under BP Batam regulation24/2020. Effective date and2026 contract applicability unverified; do not use as a confirmed current tariff.,0.0,10.0,historical_only,NaN,NaN,NaN,NaN
Batam,Air Batam Hilir / BP Batam,4A Industri Kecil,11-20 m3/month,10000.0,NaN,WB003,A,Historical official table posted2021-02-24 under BP Batam regulation24/2020. Effective date and2026 contract applicability unverified; do not use as a confirmed current tariff.,11.0,20.0,historical_only,NaN,NaN,NaN,NaN
Batam,Air Batam Hilir / BP Batam,4A Industri Kecil,21-30 m3/month,10000.0,NaN,WB003,A,Historical official table posted2021-02-24 under BP Batam regulation24/2020. Effective date and2026 contract applicability unverified; do not use as a confirmed current tariff.,21.0,30.0,historical_only,NaN,NaN,NaN,NaN
Batam,Air Batam Hilir / BP Batam,4A Industri Kecil,31-40 m3/month,10000.0,NaN,WB003,A,Historical official table posted2021-02-24 under BP Batam regulation24/2020. Effective date and2026 contract applicability unverified; do not use as a confirmed current tariff.,31.0,40.0,historical_only,NaN,NaN,NaN,NaN
Batam,Air Batam Hilir / BP Batam,4A Industri Kecil,>40 m3/month,10000.0,NaN,WB003,A,Historical official table posted2021-02-24 under BP Batam regulation24/2020. Effective date and2026 contract applicability unverified; do not use as a confirmed current tariff.,41.0,NaN,historical_only,NaN,NaN,NaN,NaN
Batam,Air Batam Hilir / BP Batam,4B Industri Besar,0-10 m3/month,10500.0,NaN,WB003,A,Historical official table posted2021-02-24 under BP Batam regulation24/2020. Effective date and2026 contract applicability unverified; do not use as a confirmed current tariff.,0.0,10.0,historical_only,NaN,NaN,NaN,NaN
Batam,Air Batam Hilir / BP Batam,4B Industri Besar,11-20 m3/month,10500.0,NaN,WB003,A,Historical official table posted2021-02-24 under BP Batam regulation24/2020. Effective date and2026 contract applicability unverified; do not use as a confirmed current tariff.,11.0,20.0,historical_only,NaN,NaN,NaN,NaN
Batam,Air Batam Hilir / BP Batam,4B Industri Besar,21-30 m3/month,10500.0,NaN,WB003,A,Historical official table posted2021-02-24 under BP Batam regulation24/2020. Effective date and2026 contract applicability unverified; do not use as a confirmed current tariff.,21.0,30.0,historical_only,NaN,NaN,NaN,NaN
Batam,Air Batam Hilir / BP Batam,4B Industri Besar,31-40 m3/month,10500.0,NaN,WB003,A,Historical official table posted2021-02-24 under BP Batam regulation24/2020. Effective date and2026 contract applicability unverified; do not use as a confirmed current tariff.,31.0,40.0,historical_only,NaN,NaN,NaN,NaN
Batam,Air Batam Hilir / BP Batam,4B Industri Besar,>40 m3/month,10500.0,NaN,WB003,A,Historical official table posted2021-02-24 under BP Batam regulation24/2020. Effective date and2026 contract applicability unverified; do not use as a confirmed current tariff.,41.0,NaN,historical_only,NaN,NaN,NaN,NaN
Batam,Air Batam Hilir / BP Batam,4C Industri Shipyard/Maritim,0-10 m3/month,12000.0,NaN,WB003,A,Historical official table posted2021-02-24 under BP Batam regulation24/2020. Effective date and2026 contract applicability unverified; do not use as a confirmed current tariff.,0.0,10.0,historical_only,NaN,NaN,NaN,NaN
Batam,Air Batam Hilir / BP Batam,4C Industri Shipyard/Maritim,11-20 m3/month,12000.0,NaN,WB003,A,Historical official table posted2021-02-24 under BP Batam regulation24/2020. Effective date and2026 contract applicability unverified; do not use as a confirmed current tariff.,11.0,20.0,historical_only,NaN,NaN,NaN,NaN
Batam,Air Batam Hilir / BP Batam,4C Industri Shipyard/Maritim,21-30 m3/month,12000.0,NaN,WB003,A,Historical official table posted2021-02-24 under BP Batam regulation24/2020. Effective date and2026 contract applicability unverified; do not use as a confirmed current tariff.,21.0,30.0,historical_only,NaN,NaN,NaN,NaN
Batam,Air Batam Hilir / BP Batam,4C Industri Shipyard/Maritim,31-40 m3/month,12000.0,NaN,WB003,A,Historical official table posted2021-02-24 under BP Batam regulation24/2020. Effective date and2026 contract applicability unverified; do not use as a confirmed current tariff.,31.0,40.0,historical_only,NaN,NaN,NaN,NaN
Batam,Air Batam Hilir / BP Batam,4C Industri Shipyard/Maritim,>40 m3/month,12000.0,NaN,WB003,A,Historical official table posted2021-02-24 under BP Batam regulation24/2020. Effective date and2026 contract applicability unverified; do not use as a confirmed current tariff.,41.0,NaN,historical_only,NaN,NaN,NaN,NaN
Batam,Air Batam Hilir / BP Batam,BATI Batamindo Industrial,0-10 m3/month,13000.0,NaN,WB003,A,Historical official table posted2021-02-24 under BP Batam regulation24/2020. Effective date and2026 contract applicability unverified; do not use as a confirmed current tariff.,0.0,10.0,historical_only,NaN,NaN,NaN,NaN
Batam,Air Batam Hilir / BP Batam,BATI Batamindo Industrial,11-20 m3/month,13000.0,NaN,WB003,A,Historical official table posted2021-02-24 under BP Batam regulation24/2020. Effective date and2026 contract applicability unverified; do not use as a confirmed current tariff.,11.0,20.0,historical_only,NaN,NaN,NaN,NaN
Batam,Air Batam Hilir / BP Batam,BATI Batamindo Industrial,21-30 m3/month,13000.0,NaN,WB003,A,Historical official table posted2021-02-24 under BP Batam regulation24/2020. Effective date and2026 contract applicability unverified; do not use as a confirmed current tariff.,21.0,30.0,historical_only,NaN,NaN,NaN,NaN
Batam,Air Batam Hilir / BP Batam,BATI Batamindo Industrial,31-40 m3/month,13000.0,NaN,WB003,A,Historical official table posted2021-02-24 under BP Batam regulation24/2020. Effective date and2026 contract applicability unverified; do not use as a confirmed current tariff.,31.0,40.0,historical_only,NaN,NaN,NaN,NaN
Batam,Air Batam Hilir / BP Batam,BATI Batamindo Industrial,>40 m3/month,13000.0,NaN,WB003,A,Historical official table posted2021-02-24 under BP Batam regulation24/2020. Effective date and2026 contract applicability unverified; do not use as a confirmed current tariff.,41.0,NaN,historical_only,NaN,NaN,NaN,NaN
Batam,Air Batam Hilir / BP Batam,3B Niaga Besar,0-10 m3/month,7350.0,NaN,WB003,A,Historical official table posted2021-02-24 under BP Batam regulation24/2020. Effective date and2026 contract applicability unverified; do not use as a confirmed current tariff.,0.0,10.0,historical_only,NaN,NaN,NaN,NaN
Batam,Air Batam Hilir / BP Batam,3B Niaga Besar,11-20 m3/month,8700.0,NaN,WB003,A,Historical official table posted2021-02-24 under BP Batam regulation24/2020. Effective date and2026 contract applicability unverified; do not use as a confirmed current tariff.,11.0,20.0,historical_only,NaN,NaN,NaN,NaN
Batam,Air Batam Hilir / BP Batam,3B Niaga Besar,21-30 m3/month,10000.0,NaN,WB003,A,Historical official table posted2021-02-24 under BP Batam regulation24/2020. Effective date and2026 contract applicability unverified; do not use as a confirmed current tariff.,21.0,30.0,historical_only,NaN,NaN,NaN,NaN
Batam,Air Batam Hilir / BP Batam,3B Niaga Besar,31-40 m3/month,12500.0,NaN,WB003,A,Historical official table posted2021-02-24 under BP Batam regulation24/2020. Effective date and2026 contract applicability unverified; do not use as a confirmed current tariff.,31.0,40.0,historical_only,NaN,NaN,NaN,NaN
Batam,Air Batam Hilir / BP Batam,3B Niaga Besar,>40 m3/month,13500.0,NaN,WB003,A,Historical official table posted2021-02-24 under BP Batam regulation24/2020. Effective date and2026 contract applicability unverified; do not use as a confirmed current tariff.,41.0,NaN,historical_only,NaN,NaN,NaN,NaN
Cikarang / Bekasi,Perumdam Tirta Bhagasasi,Industri (exact subgroup not specified),NaN,NaN,NaN,WB004,A,"Historical industrial range12,132-16,984/m3; exact bands and current applicability absent. Null scalar avoids choosing an unsupported tariff.",NaN,NaN,historical_range_only,NaN,NaN,12132.0,16984.0
Karawang,Perumdam Tirta Tarum,Industrial (not retrieved),NaN,NaN,NaN,WB005,A,"Official current industrial tariff not retrieved; null is a research gap, not a zero rate.",NaN,NaN,gap,NaN,NaN,NaN,NaN
